0 verbose cli /usr/local/bin/node /usr/local/bin/npm
1 info using npm@11.6.2
2 info using node@v24.13.0
3 silly config load:file:/usr/local/lib/node_modules/npm/npmrc
4 silly config load:file:/Users/chrispatino/Documents/Intro to AI/timeless/.npmrc
5 silly config load:file:/Users/chrispatino/.npmrc
6 silly config load:file:/usr/local/etc/npmrc
7 verbose title npm install vercel
8 verbose argv "install" "vercel" "--save-dev" "--cache" "./.npm-cache" "--legacy-peer-deps"
9 verbose logfile logs-max:10 dir:/Users/chrispatino/Documents/Intro to AI/timeless/.npm-cache/_logs/2026-05-25T16_27_03_273Z-
10 verbose logfile /Users/chrispatino/Documents/Intro to AI/timeless/.npm-cache/_logs/2026-05-25T16_27_03_273Z-debug-0.log
11 silly logfile done cleaning log files
12 silly packumentCache heap:4496293888 maxSize:1124073472 maxEntrySize:562036736
13 silly idealTree buildDeps
14 silly fetch manifest vercel@*
15 silly packumentCache full:https://registry.npmjs.org/vercel cache-miss
16 http fetch GET 200 https://registry.npmjs.org/vercel 271ms (cache miss)
17 silly packumentCache full:https://registry.npmjs.org/vercel set size:undefined disposed:false
18 silly placeDep ROOT vercel@54.4.1 OK for: timeless@1.0.0 want: *
19 silly fetch manifest @vercel/blob@2.4.0
20 silly packumentCache full:https://registry.npmjs.org/@vercel%2fblob cache-miss
21 silly fetch manifest @vercel/fun@1.3.0
22 silly packumentCache full:https://registry.npmjs.org/@vercel%2ffun cache-miss
23 silly fetch manifest @vercel/prepare-flags-definitions@0.2.1
24 silly packumentCache full:https://registry.npmjs.org/@vercel%2fprepare-flags-definitions cache-miss
25 silly fetch manifest chokidar@4.0.0
26 silly packumentCache full:https://registry.npmjs.org/chokidar cache-miss
27 silly fetch manifest esbuild@0.27.0
28 silly packumentCache full:https://registry.npmjs.org/esbuild cache-miss
29 silly fetch manifest form-data@^4.0.0
30 silly packumentCache full:https://registry.npmjs.org/form-data cache-miss
31 silly fetch manifest jose@5.9.6
32 silly packumentCache full:https://registry.npmjs.org/jose cache-miss
33 http cache https://registry.npmjs.org/esbuild 24ms (cache hit)
34 silly packumentCache full:https://registry.npmjs.org/esbuild set size:1254708 disposed:false
35 silly fetch manifest luxon@^3.4.0
36 silly packumentCache full:https://registry.npmjs.org/luxon cache-miss
37 http fetch GET 200 https://registry.npmjs.org/@vercel%2fblob 90ms (cache miss)
38 silly packumentCache full:https://registry.npmjs.org/@vercel%2fblob set size:undefined disposed:false
39 silly fetch manifest proxy-agent@6.4.0
40 silly packumentCache full:https://registry.npmjs.org/proxy-agent cache-miss
41 http fetch GET 200 https://registry.npmjs.org/@vercel%2ffun 127ms (cache miss)
42 silly packumentCache full:https://registry.npmjs.org/@vercel%2ffun set size:undefined disposed:false
43 silly fetch manifest sandbox@2.5.6
44 silly packumentCache full:https://registry.npmjs.org/sandbox cache-miss
45 http fetch GET 200 https://registry.npmjs.org/proxy-agent 83ms (cache miss)
46 silly packumentCache full:https://registry.npmjs.org/proxy-agent set size:undefined disposed:false
47 silly fetch manifest smol-toml@1.5.2
48 silly packumentCache full:https://registry.npmjs.org/smol-toml cache-miss
49 http fetch GET 200 https://registry.npmjs.org/chokidar 191ms (cache miss)
50 silly packumentCache full:https://registry.npmjs.org/chokidar set size:undefined disposed:false
51 silly fetch manifest zod@4.1.11
52 silly packumentCache full:https://registry.npmjs.org/zod cache-miss
53 http fetch GET 200 https://registry.npmjs.org/luxon 211ms (cache miss)
54 silly packumentCache full:https://registry.npmjs.org/luxon set size:undefined disposed:false
55 silly fetch manifest @vercel/backends@0.7.2
56 silly packumentCache full:https://registry.npmjs.org/@vercel%2fbackends cache-miss
57 http fetch GET 200 https://registry.npmjs.org/smol-toml 246ms (cache miss)
58 silly packumentCache full:https://registry.npmjs.org/smol-toml set size:undefined disposed:false
59 silly fetch manifest @vercel/cli-config@0.1.2
60 silly packumentCache full:https://registry.npmjs.org/@vercel%2fcli-config cache-miss
61 http fetch GET 200 https://registry.npmjs.org/sandbox 307ms (cache miss)
62 silly packumentCache full:https://registry.npmjs.org/sandbox set size:undefined disposed:false
63 silly fetch manifest @vercel/detect-agent@1.2.3
64 silly packumentCache full:https://registry.npmjs.org/@vercel%2fdetect-agent cache-miss
65 http fetch GET 200 https://registry.npmjs.org/@vercel%2fprepare-flags-definitions 450ms (cache miss)
66 silly packumentCache full:https://registry.npmjs.org/@vercel%2fprepare-flags-definitions set size:undefined disposed:false
67 silly fetch manifest @vercel/elysia@0.1.80
68 silly packumentCache full:https://registry.npmjs.org/@vercel%2felysia cache-miss
69 http fetch GET 200 https://registry.npmjs.org/form-data 474ms (cache miss)
70 silly packumentCache full:https://registry.npmjs.org/form-data set size:undefined disposed:false
71 silly fetch manifest @vercel/build-utils@13.26.1
72 silly packumentCache full:https://registry.npmjs.org/@vercel%2fbuild-utils cache-miss
73 http fetch GET 200 https://registry.npmjs.org/@vercel%2fbackends 235ms (cache miss)
74 silly packumentCache full:https://registry.npmjs.org/@vercel%2fbackends set size:undefined disposed:false
75 silly fetch manifest @vercel/express@0.1.90
76 silly packumentCache full:https://registry.npmjs.org/@vercel%2fexpress cache-miss
77 http fetch GET 200 https://registry.npmjs.org/jose 498ms (cache miss)
78 silly packumentCache full:https://registry.npmjs.org/jose set size:undefined disposed:false
79 silly fetch manifest @vercel/fastify@0.1.83
80 silly packumentCache full:https://registry.npmjs.org/@vercel%2ffastify cache-miss
81 http fetch GET 200 https://registry.npmjs.org/@vercel%2fcli-config 129ms (cache miss)
82 silly packumentCache full:https://registry.npmjs.org/@vercel%2fcli-config set size:undefined disposed:false
83 silly fetch manifest @vercel/go@3.7.1
84 silly packumentCache full:https://registry.npmjs.org/@vercel%2fgo cache-miss
85 http fetch GET 200 https://registry.npmjs.org/@vercel%2fexpress 114ms (cache miss)
86 silly packumentCache full:https://registry.npmjs.org/@vercel%2fexpress set size:undefined disposed:false
87 silly fetch manifest @vercel/h3@0.1.89
88 silly packumentCache full:https://registry.npmjs.org/@vercel%2fh3 cache-miss
89 http fetch GET 200 https://registry.npmjs.org/@vercel%2ffastify 131ms (cache miss)
90 silly packumentCache full:https://registry.npmjs.org/@vercel%2ffastify set size:undefined disposed:false
91 silly fetch manifest @vercel/koa@0.1.63
92 silly packumentCache full:https://registry.npmjs.org/@vercel%2fkoa cache-miss
93 http fetch GET 200 https://registry.npmjs.org/@vercel%2fdetect-agent 233ms (cache miss)
94 silly packumentCache full:https://registry.npmjs.org/@vercel%2fdetect-agent set size:undefined disposed:false
95 silly fetch manifest @vercel/hydrogen@1.3.7
96 silly packumentCache full:https://registry.npmjs.org/@vercel%2fhydrogen cache-miss
97 http fetch GET 200 https://registry.npmjs.org/@vercel%2fgo 127ms (cache miss)
98 silly packumentCache full:https://registry.npmjs.org/@vercel%2fgo set size:undefined disposed:false
99 silly fetch manifest @vercel/hono@0.2.83
100 silly packumentCache full:https://registry.npmjs.org/@vercel%2fhono cache-miss
101 http fetch GET 200 https://registry.npmjs.org/@vercel%2fh3 89ms (cache miss)
102 silly packumentCache full:https://registry.npmjs.org/@vercel%2fh3 set size:undefined disposed:false
103 silly fetch manifest @vercel/nestjs@0.2.84
104 silly packumentCache full:https://registry.npmjs.org/@vercel%2fnestjs cache-miss
105 http fetch GET 200 https://registry.npmjs.org/@vercel%2fkoa 67ms (cache miss)
106 silly packumentCache full:https://registry.npmjs.org/@vercel%2fkoa set size:undefined disposed:false
107 silly fetch manifest @vercel/next@4.17.4
108 silly packumentCache full:https://registry.npmjs.org/@vercel%2fnext cache-miss
109 http fetch GET 200 https://registry.npmjs.org/@vercel%2fhydrogen 64ms (cache miss)
110 silly packumentCache full:https://registry.npmjs.org/@vercel%2fhydrogen set size:undefined disposed:false
111 silly fetch manifest @vercel/node@5.8.4
112 silly packumentCache full:https://registry.npmjs.org/@vercel%2fnode cache-miss
113 http fetch GET 200 https://registry.npmjs.org/@vercel%2fnestjs 84ms (cache miss)
114 silly packumentCache full:https://registry.npmjs.org/@vercel%2fnestjs set size:undefined disposed:false
115 silly fetch manifest @vercel/remix-builder@5.8.2
116 silly packumentCache full:https://registry.npmjs.org/@vercel%2fremix-builder cache-miss
117 http fetch GET 200 https://registry.npmjs.org/@vercel%2fhono 102ms (cache miss)
118 silly packumentCache full:https://registry.npmjs.org/@vercel%2fhono set size:undefined disposed:false
119 silly fetch manifest @vercel/redwood@2.4.13
120 silly packumentCache full:https://registry.npmjs.org/@vercel%2fredwood cache-miss
121 http fetch GET 200 https://registry.npmjs.org/@vercel%2fremix-builder 108ms (cache miss)
122 silly packumentCache full:https://registry.npmjs.org/@vercel%2fremix-builder set size:undefined disposed:false
123 silly fetch manifest @vercel/ruby@2.3.2
124 silly packumentCache full:https://registry.npmjs.org/@vercel%2fruby cache-miss
125 http fetch GET 200 https://registry.npmjs.org/@vercel%2fredwood 133ms (cache miss)
126 silly packumentCache full:https://registry.npmjs.org/@vercel%2fredwood set size:undefined disposed:false
127 silly fetch manifest @vercel/rust@1.2.0
128 silly packumentCache full:https://registry.npmjs.org/@vercel%2frust cache-miss
129 http fetch GET 200 https://registry.npmjs.org/@vercel%2frust 95ms (cache miss)
130 silly packumentCache full:https://registry.npmjs.org/@vercel%2frust set size:undefined disposed:false
131 silly fetch manifest @vercel/python@6.43.1
132 silly packumentCache full:https://registry.npmjs.org/@vercel%2fpython cache-miss
133 http fetch GET 200 https://registry.npmjs.org/@vercel%2fnode 315ms (cache miss)
134 silly packumentCache full:https://registry.npmjs.org/@vercel%2fnode set size:undefined disposed:false
135 silly fetch manifest @vercel/static-build@2.9.30
136 silly packumentCache full:https://registry.npmjs.org/@vercel%2fstatic-build cache-miss
137 http fetch GET 200 https://registry.npmjs.org/@vercel%2fnext 365ms (cache miss)
138 silly packumentCache full:https://registry.npmjs.org/@vercel%2fnext set size:undefined disposed:false
139 http fetch GET 200 https://registry.npmjs.org/@vercel%2fruby 221ms (cache miss)
140 silly packumentCache full:https://registry.npmjs.org/@vercel%2fruby set size:undefined disposed:false
141 http fetch GET 200 https://registry.npmjs.org/@vercel%2fpython 167ms (cache miss)
142 silly packumentCache full:https://registry.npmjs.org/@vercel%2fpython set size:undefined disposed:false
143 http fetch GET 200 https://registry.npmjs.org/@vercel%2fstatic-build 149ms (cache miss)
144 silly packumentCache full:https://registry.npmjs.org/@vercel%2fstatic-build set size:undefined disposed:false
145 http fetch GET 200 https://registry.npmjs.org/@vercel%2felysia 1213ms (cache miss)
146 silly packumentCache full:https://registry.npmjs.org/@vercel%2felysia set size:undefined disposed:false
147 http fetch GET 200 https://registry.npmjs.org/zod 1551ms (cache miss)
148 silly packumentCache full:https://registry.npmjs.org/zod set size:undefined disposed:false
149 http fetch GET 200 https://registry.npmjs.org/@vercel%2fbuild-utils 1370ms (cache miss)
150 silly packumentCache full:https://registry.npmjs.org/@vercel%2fbuild-utils set size:undefined disposed:false
151 silly placeDep ROOT @vercel/backends@0.7.2 OK for: vercel@54.4.1 want: 0.7.2
152 silly placeDep ROOT @vercel/blob@2.4.0 OK for: vercel@54.4.1 want: 2.4.0
153 silly placeDep ROOT @vercel/build-utils@13.26.1 OK for: vercel@54.4.1 want: 13.26.1
154 silly placeDep ROOT @vercel/cli-config@0.1.2 OK for: vercel@54.4.1 want: 0.1.2
155 silly placeDep ROOT @vercel/detect-agent@1.2.3 OK for: vercel@54.4.1 want: 1.2.3
156 silly placeDep ROOT @vercel/elysia@0.1.80 OK for: vercel@54.4.1 want: 0.1.80
157 silly placeDep ROOT @vercel/express@0.1.90 OK for: vercel@54.4.1 want: 0.1.90
158 silly placeDep ROOT @vercel/fastify@0.1.83 OK for: vercel@54.4.1 want: 0.1.83
159 silly placeDep ROOT @vercel/fun@1.3.0 OK for: vercel@54.4.1 want: 1.3.0
160 silly placeDep ROOT @vercel/go@3.7.1 OK for: vercel@54.4.1 want: 3.7.1
161 silly placeDep ROOT @vercel/h3@0.1.89 OK for: vercel@54.4.1 want: 0.1.89
162 silly placeDep ROOT @vercel/hono@0.2.83 OK for: vercel@54.4.1 want: 0.2.83
163 silly placeDep ROOT @vercel/hydrogen@1.3.7 OK for: vercel@54.4.1 want: 1.3.7
164 silly placeDep ROOT @vercel/koa@0.1.63 OK for: vercel@54.4.1 want: 0.1.63
165 silly placeDep ROOT @vercel/nestjs@0.2.84 OK for: vercel@54.4.1 want: 0.2.84
166 silly placeDep ROOT @vercel/next@4.17.4 OK for: vercel@54.4.1 want: 4.17.4
167 silly placeDep ROOT @vercel/node@5.8.4 OK for: vercel@54.4.1 want: 5.8.4
168 silly placeDep ROOT @vercel/prepare-flags-definitions@0.2.1 OK for: vercel@54.4.1 want: 0.2.1
169 silly placeDep ROOT @vercel/python@6.43.1 OK for: vercel@54.4.1 want: 6.43.1
170 silly placeDep ROOT @vercel/redwood@2.4.13 OK for: vercel@54.4.1 want: 2.4.13
171 silly placeDep ROOT @vercel/remix-builder@5.8.2 OK for: vercel@54.4.1 want: 5.8.2
172 silly placeDep ROOT @vercel/ruby@2.3.2 OK for: vercel@54.4.1 want: 2.3.2
173 silly placeDep ROOT @vercel/rust@1.2.0 OK for: vercel@54.4.1 want: 1.2.0
174 silly placeDep ROOT @vercel/static-build@2.9.30 OK for: vercel@54.4.1 want: 2.9.30
175 silly placeDep ROOT chokidar@4.0.0 OK for: vercel@54.4.1 want: 4.0.0
176 silly placeDep node_modules/vercel esbuild@0.27.0 OK for: vercel@54.4.1 want: 0.27.0
177 silly placeDep ROOT form-data@4.0.5 OK for: vercel@54.4.1 want: ^4.0.0
178 silly placeDep ROOT jose@5.9.6 OK for: vercel@54.4.1 want: 5.9.6
179 silly placeDep ROOT luxon@3.7.2 OK for: vercel@54.4.1 want: ^3.4.0
180 silly placeDep ROOT proxy-agent@6.4.0 OK for: vercel@54.4.1 want: 6.4.0
181 silly placeDep ROOT sandbox@2.5.6 OK for: vercel@54.4.1 want: 2.5.6
182 silly placeDep ROOT smol-toml@1.5.2 OK for: vercel@54.4.1 want: 1.5.2
183 silly placeDep ROOT zod@4.1.11 OK for: vercel@54.4.1 want: 4.1.11
184 silly fetch manifest @vercel/nft@1.5.0
185 silly packumentCache full:https://registry.npmjs.org/@vercel%2fnft cache-miss
186 silly fetch manifest execa@3.2.0
187 silly packumentCache full:https://registry.npmjs.org/execa cache-miss
188 silly fetch manifest fs-extra@11.1.0
189 silly packumentCache full:https://registry.npmjs.org/fs-extra cache-miss
190 silly fetch manifest oxc-transform@0.111.0
191 silly packumentCache full:https://registry.npmjs.org/oxc-transform cache-miss
192 silly fetch manifest path-to-regexp@8.3.0
193 silly packumentCache full:https://registry.npmjs.org/path-to-regexp cache-miss
194 silly fetch manifest resolve.exports@2.0.3
195 silly packumentCache full:https://registry.npmjs.org/resolve.exports cache-miss
196 silly fetch manifest rolldown@1.0.0-rc.1
197 silly packumentCache full:https://registry.npmjs.org/rolldown cache-miss
198 http fetch GET 200 https://registry.npmjs.org/resolve.exports 53ms (cache miss)
199 silly packumentCache full:https://registry.npmjs.org/resolve.exports set size:undefined disposed:false
200 silly fetch manifest srvx@0.8.9
201 silly packumentCache full:https://registry.npmjs.org/srvx cache-miss
202 http fetch GET 200 https://registry.npmjs.org/execa 59ms (cache miss)
203 silly packumentCache full:https://registry.npmjs.org/execa set size:undefined disposed:false
204 silly fetch manifest tsx@4.21.0
205 silly packumentCache full:https://registry.npmjs.org/tsx cache-miss
206 http fetch GET 200 https://registry.npmjs.org/fs-extra 64ms (cache miss)
207 silly packumentCache full:https://registry.npmjs.org/fs-extra set size:undefined disposed:false
208 silly fetch manifest zod@3.22.4
209 silly packumentCache full:https://registry.npmjs.org/zod cache-miss
210 http fetch GET 200 https://registry.npmjs.org/oxc-transform 67ms (cache miss)
211 silly packumentCache full:https://registry.npmjs.org/oxc-transform set size:undefined disposed:false
212 silly fetch manifest async-retry@^1.3.3
213 silly packumentCache full:https://registry.npmjs.org/async-retry cache-miss
214 http fetch GET 200 https://registry.npmjs.org/path-to-regexp 73ms (cache miss)
215 silly packumentCache full:https://registry.npmjs.org/path-to-regexp set size:undefined disposed:false
216 silly fetch manifest is-buffer@^2.0.5
217 silly packumentCache full:https://registry.npmjs.org/is-buffer cache-miss
218 http cache https://registry.npmjs.org/zod 23ms (cache hit)
219 silly packumentCache full:https://registry.npmjs.org/zod set size:3552562 disposed:false
220 silly fetch manifest is-node-process@^1.2.0
221 silly packumentCache full:https://registry.npmjs.org/is-node-process cache-miss
222 http fetch GET 200 https://registry.npmjs.org/async-retry 78ms (cache miss)
223 silly packumentCache full:https://registry.npmjs.org/async-retry set size:undefined disposed:false
224 silly fetch manifest throttleit@^2.1.0
225 silly packumentCache full:https://registry.npmjs.org/throttleit cache-miss
226 http fetch GET 200 https://registry.npmjs.org/is-buffer 75ms (cache miss)
227 silly packumentCache full:https://registry.npmjs.org/is-buffer set size:undefined disposed:false
228 silly fetch manifest undici@^6.23.0
229 silly packumentCache full:https://registry.npmjs.org/undici cache-miss
230 http fetch GET 200 https://registry.npmjs.org/@vercel%2fnft 161ms (cache miss)
231 silly packumentCache full:https://registry.npmjs.org/@vercel%2fnft set size:undefined disposed:false
232 silly fetch manifest cjs-module-lexer@1.2.3
233 silly packumentCache full:https://registry.npmjs.org/cjs-module-lexer cache-miss
234 http fetch GET 200 https://registry.npmjs.org/srvx 115ms (cache miss)
235 silly packumentCache full:https://registry.npmjs.org/srvx set size:undefined disposed:false
236 silly fetch manifest es-module-lexer@1.5.0
237 silly packumentCache full:https://registry.npmjs.org/es-module-lexer cache-miss
238 http fetch GET 200 https://registry.npmjs.org/is-node-process 62ms (cache miss)
239 silly packumentCache full:https://registry.npmjs.org/is-node-process set size:undefined disposed:false
240 silly fetch manifest @vercel/python-analysis@0.11.1
241 silly packumentCache full:https://registry.npmjs.org/@vercel%2fpython-analysis cache-miss
242 http fetch GET 200 https://registry.npmjs.org/tsx 119ms (cache miss)
243 silly packumentCache full:https://registry.npmjs.org/tsx set size:undefined disposed:false
244 silly fetch manifest xdg-app-paths@5
245 silly packumentCache full:https://registry.npmjs.org/xdg-app-paths cache-miss
246 http fetch GET 200 https://registry.npmjs.org/throttleit 39ms (cache miss)
247 silly packumentCache full:https://registry.npmjs.org/throttleit set size:undefined disposed:false
248 silly fetch manifest @vercel/static-config@3.3.0
249 silly packumentCache full:https://registry.npmjs.org/@vercel%2fstatic-config cache-miss
250 http fetch GET 200 https://registry.npmjs.org/cjs-module-lexer 36ms (cache miss)
251 silly packumentCache full:https://registry.npmjs.org/cjs-module-lexer set size:undefined disposed:false
252 silly fetch manifest ts-morph@12.0.0
253 silly packumentCache full:https://registry.npmjs.org/ts-morph cache-miss
254 http fetch GET 200 https://registry.npmjs.org/xdg-app-paths 52ms (cache miss)
255 silly packumentCache full:https://registry.npmjs.org/xdg-app-paths set size:undefined disposed:false
256 silly fetch manifest @vercel/static-config@3.3.0
257 silly packumentCache full:https://registry.npmjs.org/@vercel%2fstatic-config cache-miss
258 http fetch GET 200 https://registry.npmjs.org/undici 114ms (cache miss)
259 silly packumentCache full:https://registry.npmjs.org/undici set size:undefined disposed:false
260 silly fetch manifest @vercel/cervel@0.1.7
261 silly packumentCache full:https://registry.npmjs.org/@vercel%2fcervel cache-miss
262 http fetch GET 200 https://registry.npmjs.org/rolldown 386ms (cache miss)
263 silly packumentCache full:https://registry.npmjs.org/rolldown set size:undefined disposed:false
264 silly fetch manifest @vercel/static-config@3.3.0
265 silly packumentCache full:https://registry.npmjs.org/@vercel%2fstatic-config cache-miss
266 http fetch GET 200 https://registry.npmjs.org/@vercel%2fpython-analysis 272ms (cache miss)
267 silly packumentCache full:https://registry.npmjs.org/@vercel%2fpython-analysis set size:undefined disposed:false
268 silly fetch manifest ms@2.1.1
269 silly packumentCache full:https://registry.npmjs.org/ms cache-miss
270 http fetch GET 200 https://registry.npmjs.org/@vercel%2fstatic-config 262ms (cache miss)
271 silly packumentCache full:https://registry.npmjs.org/@vercel%2fstatic-config set size:undefined disposed:false
272 silly fetch manifest tar@7.5.7
273 silly packumentCache full:https://registry.npmjs.org/tar cache-miss
274 http fetch GET 200 https://registry.npmjs.org/@vercel%2fstatic-config 215ms (cache miss)
275 silly packumentCache full:https://registry.npmjs.org/@vercel%2fstatic-config set size:undefined disposed:false
276 silly fetch manifest debug@4.3.4
277 silly packumentCache full:https://registry.npmjs.org/debug cache-miss
278 http fetch GET 200 https://registry.npmjs.org/es-module-lexer 286ms (cache miss)
279 silly packumentCache full:https://registry.npmjs.org/es-module-lexer set size:undefined disposed:false
280 silly fetch manifest micro@9.3.5-canary.3
281 silly packumentCache full:https://registry.npmjs.org/micro cache-miss
282 http cache https://registry.npmjs.org/ms 18ms (cache hit)
283 silly packumentCache full:https://registry.npmjs.org/ms set size:92208 disposed:false
284 silly fetch manifest semver@7.5.4
285 silly packumentCache full:https://registry.npmjs.org/semver cache-miss
286 http cache https://registry.npmjs.org/debug 13ms (cache hit)
287 silly packumentCache full:https://registry.npmjs.org/debug set size:195840 disposed:false
288 silly fetch manifest tinyexec@0.3.2
289 silly packumentCache full:https://registry.npmjs.org/tinyexec cache-miss
290 http fetch GET 200 https://registry.npmjs.org/ts-morph 272ms (cache miss)
291 silly packumentCache full:https://registry.npmjs.org/ts-morph set size:undefined disposed:false
292 silly fetch manifest stat-mode@0.3.0
293 silly packumentCache full:https://registry.npmjs.org/stat-mode cache-miss
294 http cache https://registry.npmjs.org/semver 27ms (cache hit)
295 silly packumentCache full:https://registry.npmjs.org/semver set size:235672 disposed:false
296 silly fetch manifest tree-kill@1.2.2
297 silly packumentCache full:https://registry.npmjs.org/tree-kill cache-miss
298 http fetch GET 200 https://registry.npmjs.org/@vercel%2fstatic-config 81ms (cache miss)
299 silly packumentCache full:https://registry.npmjs.org/@vercel%2fstatic-config set size:undefined disposed:false
300 silly fetch manifest node-fetch@2.6.7
301 silly packumentCache full:https://registry.npmjs.org/node-fetch cache-miss
302 http fetch GET 200 https://registry.npmjs.org/@vercel%2fcervel 136ms (cache miss)
303 silly packumentCache full:https://registry.npmjs.org/@vercel%2fcervel set size:undefined disposed:false
304 silly fetch manifest promisepipe@3.0.0
305 silly packumentCache full:https://registry.npmjs.org/promisepipe cache-miss
306 http fetch GET 200 https://registry.npmjs.org/micro 64ms (cache miss)
307 silly packumentCache full:https://registry.npmjs.org/micro set size:undefined disposed:false
308 silly fetch manifest uid-promise@1.0.0
309 silly packumentCache full:https://registry.npmjs.org/uid-promise cache-miss
310 http fetch GET 200 https://registry.npmjs.org/tinyexec 54ms (cache miss)
311 silly packumentCache full:https://registry.npmjs.org/tinyexec set size:undefined disposed:false
312 silly fetch manifest async-listen@1.2.0
313 silly packumentCache full:https://registry.npmjs.org/async-listen cache-miss
314 http fetch GET 200 https://registry.npmjs.org/stat-mode 51ms (cache miss)
315 silly packumentCache full:https://registry.npmjs.org/stat-mode set size:undefined disposed:false
316 silly fetch manifest generic-pool@3.4.2
317 silly packumentCache full:https://registry.npmjs.org/generic-pool cache-miss
318 http fetch GET 200 https://registry.npmjs.org/tar 80ms (cache miss)
319 silly packumentCache full:https://registry.npmjs.org/tar set size:undefined disposed:false
320 silly fetch manifest xdg-app-paths@5.1.0
321 silly packumentCache full:https://registry.npmjs.org/xdg-app-paths cache-miss
322 http fetch GET 200 https://registry.npmjs.org/tree-kill 40ms (cache miss)
323 silly packumentCache full:https://registry.npmjs.org/tree-kill set size:undefined disposed:false
324 silly fetch manifest yauzl-promise@2.1.3
325 silly packumentCache full:https://registry.npmjs.org/yauzl-promise cache-miss
326 http cache https://registry.npmjs.org/xdg-app-paths 5ms (cache hit)
327 silly packumentCache full:https://registry.npmjs.org/xdg-app-paths set size:295911 disposed:false
328 silly fetch manifest path-to-regexp@8.2.0
329 silly packumentCache full:https://registry.npmjs.org/path-to-regexp cache-miss
330 http cache https://registry.npmjs.org/path-to-regexp 3ms (cache hit)
331 silly packumentCache full:https://registry.npmjs.org/path-to-regexp set size:216334 disposed:false
332 silly fetch manifest @tootallnate/once@2.0.0
333 silly packumentCache full:https://registry.npmjs.org/@tootallnate%2fonce cache-miss
334 http fetch GET 200 https://registry.npmjs.org/async-listen 36ms (cache miss)
335 silly packumentCache full:https://registry.npmjs.org/async-listen set size:undefined disposed:false
336 silly fetch manifest stream-to-promise@2.2.0
337 silly packumentCache full:https://registry.npmjs.org/stream-to-promise cache-miss
338 http fetch GET 200 https://registry.npmjs.org/promisepipe 48ms (cache miss)
339 silly packumentCache full:https://registry.npmjs.org/promisepipe set size:undefined disposed:false
340 silly fetch manifest @edge-runtime/node-utils@2.3.0
341 silly packumentCache full:https://registry.npmjs.org/@edge-runtime%2fnode-utils cache-miss
342 http fetch GET 200 https://registry.npmjs.org/uid-promise 52ms (cache miss)
343 silly packumentCache full:https://registry.npmjs.org/uid-promise set size:undefined disposed:false
344 silly fetch manifest @edge-runtime/primitives@4.1.0
345 silly packumentCache full:https://registry.npmjs.org/@edge-runtime%2fprimitives cache-miss
346 http fetch GET 200 https://registry.npmjs.org/yauzl-promise 41ms (cache miss)
347 silly packumentCache full:https://registry.npmjs.org/yauzl-promise set size:undefined disposed:false
348 silly fetch manifest @edge-runtime/vm@3.2.0
349 silly packumentCache full:https://registry.npmjs.org/@edge-runtime%2fvm cache-miss
350 http fetch GET 200 https://registry.npmjs.org/generic-pool 51ms (cache miss)
351 silly packumentCache full:https://registry.npmjs.org/generic-pool set size:undefined disposed:false
352 silly fetch manifest @types/node@20.11.0
353 silly packumentCache full:https://registry.npmjs.org/@types%2fnode cache-miss
354 http fetch GET 200 https://registry.npmjs.org/node-fetch 72ms (cache miss)
355 silly packumentCache full:https://registry.npmjs.org/node-fetch set size:undefined disposed:false
356 silly fetch manifest async-listen@3.0.0
357 silly packumentCache full:https://registry.npmjs.org/async-listen cache-miss
358 http cache https://registry.npmjs.org/async-listen 3ms (cache hit)
359 silly packumentCache full:https://registry.npmjs.org/async-listen set size:27933 disposed:false
360 silly fetch manifest edge-runtime@2.5.9
361 silly packumentCache full:https://registry.npmjs.org/edge-runtime cache-miss
362 http fetch GET 200 https://registry.npmjs.org/stream-to-promise 33ms (cache miss)
363 silly packumentCache full:https://registry.npmjs.org/stream-to-promise set size:undefined disposed:false
364 silly fetch manifest es-module-lexer@1.4.1
365 silly packumentCache full:https://registry.npmjs.org/es-module-lexer cache-miss
366 http cache https://registry.npmjs.org/es-module-lexer 3ms (cache hit)
367 silly packumentCache full:https://registry.npmjs.org/es-module-lexer set size:205389 disposed:false
368 silly fetch manifest etag@1.8.1
369 silly packumentCache full:https://registry.npmjs.org/etag cache-miss
370 http fetch GET 200 https://registry.npmjs.org/@edge-runtime%2fnode-utils 77ms (cache miss)
371 silly packumentCache full:https://registry.npmjs.org/@edge-runtime%2fnode-utils set size:undefined disposed:false
372 silly fetch manifest mime-types@2.1.35
373 silly packumentCache full:https://registry.npmjs.org/mime-types cache-miss
374 http fetch GET 200 https://registry.npmjs.org/@tootallnate%2fonce 104ms (cache miss)
375 silly packumentCache full:https://registry.npmjs.org/@tootallnate%2fonce set size:undefined disposed:false
376 silly fetch manifest node-fetch@2.6.9
377 silly packumentCache full:https://registry.npmjs.org/node-fetch cache-miss
378 http fetch GET 200 https://registry.npmjs.org/etag 49ms (cache miss)
379 silly packumentCache full:https://registry.npmjs.org/etag set size:undefined disposed:false
380 silly fetch manifest path-to-regexp-updated@npm:path-to-regexp@6.3.0
381 silly packumentCache full:https://registry.npmjs.org/path-to-regexp cache-hit
382 silly fetch manifest path-to-regexp@6.1.0
383 silly packumentCache full:https://registry.npmjs.org/path-to-regexp cache-hit
384 silly fetch manifest typescript@npm:typescript@5.9.3
385 silly packumentCache full:https://registry.npmjs.org/typescript cache-miss
386 http fetch GET 200 https://registry.npmjs.org/@edge-runtime%2fvm 82ms (cache miss)
387 silly packumentCache full:https://registry.npmjs.org/@edge-runtime%2fvm set size:undefined disposed:false
388 silly fetch manifest undici@5.28.4
389 silly packumentCache full:https://registry.npmjs.org/undici cache-miss
390 http fetch GET 200 https://registry.npmjs.org/@edge-runtime%2fprimitives 86ms (cache miss)
391 silly packumentCache full:https://registry.npmjs.org/@edge-runtime%2fprimitives set size:undefined disposed:false
392 silly fetch manifest @vercel/error-utils@2.1.0
393 silly packumentCache full:https://registry.npmjs.org/@vercel%2ferror-utils cache-miss
394 http fetch GET 200 https://registry.npmjs.org/edge-runtime 71ms (cache miss)
395 silly packumentCache full:https://registry.npmjs.org/edge-runtime set size:undefined disposed:false
396 silly fetch manifest @vercel/error-utils@2.1.0
397 silly packumentCache full:https://registry.npmjs.org/@vercel%2ferror-utils cache-miss
398 http cache https://registry.npmjs.org/node-fetch 27ms (cache hit)
399 silly packumentCache full:https://registry.npmjs.org/node-fetch set size:896010 disposed:false
400 silly fetch manifest execa@5
401 silly packumentCache full:https://registry.npmjs.org/execa cache-miss
402 http cache https://registry.npmjs.org/undici 31ms (cache hit)
403 silly packumentCache full:https://registry.npmjs.org/undici set size:1396737 disposed:false
404 silly fetch manifest @vercel/gatsby-plugin-vercel-analytics@1.0.11
405 silly packumentCache full:https://registry.npmjs.org/@vercel%2fgatsby-plugin-vercel-analytics cache-miss
406 http cache https://registry.npmjs.org/execa 24ms (cache hit)
407 silly packumentCache full:https://registry.npmjs.org/execa set size:181234 disposed:false
408 silly fetch manifest @vercel/gatsby-plugin-vercel-builder@2.2.7
409 silly packumentCache full:https://registry.npmjs.org/@vercel%2fgatsby-plugin-vercel-builder cache-miss
410 http fetch GET 200 https://registry.npmjs.org/mime-types 77ms (cache miss)
411 silly packumentCache full:https://registry.npmjs.org/mime-types set size:undefined disposed:false
412 silly fetch manifest readdirp@^4.0.1
413 silly packumentCache full:https://registry.npmjs.org/readdirp cache-miss
414 http fetch GET 200 https://registry.npmjs.org/@vercel%2ferror-utils 74ms (cache miss)
415 silly packumentCache full:https://registry.npmjs.org/@vercel%2ferror-utils set size:undefined disposed:false
416 silly fetch manifest @esbuild/aix-ppc64@0.27.0
417 silly packumentCache full:https://registry.npmjs.org/@esbuild%2faix-ppc64 cache-miss
418 http fetch GET 200 https://registry.npmjs.org/@vercel%2ferror-utils 72ms (cache miss)
419 silly packumentCache full:https://registry.npmjs.org/@vercel%2ferror-utils set size:undefined disposed:false
420 silly fetch manifest @esbuild/linux-arm@0.27.0
421 silly packumentCache full:https://registry.npmjs.org/@esbuild%2flinux-arm cache-miss
422 http cache https://registry.npmjs.org/@esbuild%2faix-ppc64 16ms (cache hit)
423 silly packumentCache full:https://registry.npmjs.org/@esbuild%2faix-ppc64 set size:64314 disposed:false
424 silly fetch manifest @esbuild/linux-x64@0.27.0
425 silly packumentCache full:https://registry.npmjs.org/@esbuild%2flinux-x64 cache-miss
426 http cache https://registry.npmjs.org/@esbuild%2flinux-arm 14ms (cache hit)
427 silly packumentCache full:https://registry.npmjs.org/@esbuild%2flinux-arm set size:195140 disposed:false
428 silly fetch manifest @esbuild/sunos-x64@0.27.0
429 silly packumentCache full:https://registry.npmjs.org/@esbuild%2fsunos-x64 cache-miss
430 http cache https://registry.npmjs.org/@esbuild%2flinux-x64 12ms (cache hit)
431 silly packumentCache full:https://registry.npmjs.org/@esbuild%2flinux-x64 set size:195479 disposed:false
432 silly fetch manifest @esbuild/win32-x64@0.27.0
433 silly packumentCache full:https://registry.npmjs.org/@esbuild%2fwin32-x64 cache-miss
434 http cache https://registry.npmjs.org/@esbuild%2fsunos-x64 12ms (cache hit)
435 silly packumentCache full:https://registry.npmjs.org/@esbuild%2fsunos-x64 set size:195721 disposed:false
436 silly fetch manifest @esbuild/darwin-x64@0.27.0
437 silly packumentCache full:https://registry.npmjs.org/@esbuild%2fdarwin-x64 cache-miss
438 http cache https://registry.npmjs.org/@esbuild%2fwin32-x64 14ms (cache hit)
439 silly packumentCache full:https://registry.npmjs.org/@esbuild%2fwin32-x64 set size:194073 disposed:false
440 silly fetch manifest @esbuild/linux-ia32@0.27.0
441 silly packumentCache full:https://registry.npmjs.org/@esbuild%2flinux-ia32 cache-miss
442 http cache https://registry.npmjs.org/@esbuild%2fdarwin-x64 16ms (cache hit)
443 silly packumentCache full:https://registry.npmjs.org/@esbuild%2fdarwin-x64 set size:196195 disposed:false
444 silly fetch manifest @esbuild/netbsd-x64@0.27.0
445 silly packumentCache full:https://registry.npmjs.org/@esbuild%2fnetbsd-x64 cache-miss
446 http fetch GET 200 https://registry.npmjs.org/readdirp 68ms (cache miss)
447 silly packumentCache full:https://registry.npmjs.org/readdirp set size:undefined disposed:false
448 silly fetch manifest @esbuild/win32-ia32@0.27.0
449 silly packumentCache full:https://registry.npmjs.org/@esbuild%2fwin32-ia32 cache-miss
450 http cache https://registry.npmjs.org/@esbuild%2flinux-ia32 19ms (cache hit)
451 silly packumentCache full:https://registry.npmjs.org/@esbuild%2flinux-ia32 set size:196150 disposed:false
452 silly fetch manifest @esbuild/android-arm@0.27.0
453 silly packumentCache full:https://registry.npmjs.org/@esbuild%2fandroid-arm cache-miss
454 http cache https://registry.npmjs.org/@esbuild%2fnetbsd-x64 17ms (cache hit)
455 silly packumentCache full:https://registry.npmjs.org/@esbuild%2fnetbsd-x64 set size:193883 disposed:false
456 silly fetch manifest @esbuild/android-x64@0.27.0
457 silly packumentCache full:https://registry.npmjs.org/@esbuild%2fandroid-x64 cache-miss
458 http cache https://registry.npmjs.org/@esbuild%2fwin32-ia32 17ms (cache hit)
459 silly packumentCache full:https://registry.npmjs.org/@esbuild%2fwin32-ia32 set size:196374 disposed:false
460 silly fetch manifest @esbuild/freebsd-x64@0.27.0
461 silly packumentCache full:https://registry.npmjs.org/@esbuild%2ffreebsd-x64 cache-miss
462 http fetch GET 200 https://registry.npmjs.org/@vercel%2fgatsby-plugin-vercel-analytics 121ms (cache miss)
463 silly packumentCache full:https://registry.npmjs.org/@vercel%2fgatsby-plugin-vercel-analytics set size:undefined disposed:false
464 silly fetch manifest @esbuild/linux-arm64@0.27.0
465 silly packumentCache full:https://registry.npmjs.org/@esbuild%2flinux-arm64 cache-miss
466 http fetch GET 200 https://registry.npmjs.org/@vercel%2fgatsby-plugin-vercel-builder 117ms (cache miss)
467 silly packumentCache full:https://registry.npmjs.org/@vercel%2fgatsby-plugin-vercel-builder set size:undefined disposed:false
468 silly fetch manifest @esbuild/linux-ppc64@0.27.0
469 silly packumentCache full:https://registry.npmjs.org/@esbuild%2flinux-ppc64 cache-miss
470 http cache https://registry.npmjs.org/@esbuild%2fandroid-arm 27ms (cache hit)
471 silly packumentCache full:https://registry.npmjs.org/@esbuild%2fandroid-arm set size:221749 disposed:false
472 silly fetch manifest @esbuild/linux-s390x@0.27.0
473 silly packumentCache full:https://registry.npmjs.org/@esbuild%2flinux-s390x cache-miss
474 http cache https://registry.npmjs.org/@esbuild%2fandroid-x64 27ms (cache hit)
475 silly packumentCache full:https://registry.npmjs.org/@esbuild%2fandroid-x64 set size:195551 disposed:false
476 silly fetch manifest @esbuild/openbsd-x64@0.27.0
477 silly packumentCache full:https://registry.npmjs.org/@esbuild%2fopenbsd-x64 cache-miss
478 http cache https://registry.npmjs.org/@esbuild%2ffreebsd-x64 25ms (cache hit)
479 silly packumentCache full:https://registry.npmjs.org/@esbuild%2ffreebsd-x64 set size:197070 disposed:false
480 silly fetch manifest @esbuild/win32-arm64@0.27.0
481 silly packumentCache full:https://registry.npmjs.org/@esbuild%2fwin32-arm64 cache-miss
482 http cache https://registry.npmjs.org/@esbuild%2flinux-arm64 20ms (cache hit)
483 silly packumentCache full:https://registry.npmjs.org/@esbuild%2flinux-arm64 set size:197274 disposed:false
484 silly fetch manifest @esbuild/darwin-arm64@0.27.0
485 silly packumentCache full:https://registry.npmjs.org/@esbuild%2fdarwin-arm64 cache-miss
486 http cache https://registry.npmjs.org/@esbuild%2flinux-ppc64 17ms (cache hit)
487 silly packumentCache full:https://registry.npmjs.org/@esbuild%2flinux-ppc64 set size:199310 disposed:false
488 silly fetch manifest @esbuild/netbsd-arm64@0.27.0
489 silly packumentCache full:https://registry.npmjs.org/@esbuild%2fnetbsd-arm64 cache-miss
490 http cache https://registry.npmjs.org/@esbuild%2fopenbsd-x64 15ms (cache hit)
491 silly packumentCache full:https://registry.npmjs.org/@esbuild%2fopenbsd-x64 set size:197080 disposed:false
492 silly fetch manifest @esbuild/android-arm64@0.27.0
493 silly packumentCache full:https://registry.npmjs.org/@esbuild%2fandroid-arm64 cache-miss
494 http cache https://registry.npmjs.org/@esbuild%2flinux-s390x 20ms (cache hit)
495 silly packumentCache full:https://registry.npmjs.org/@esbuild%2flinux-s390x set size:198784 disposed:false
496 silly fetch manifest @esbuild/freebsd-arm64@0.27.0
497 silly packumentCache full:https://registry.npmjs.org/@esbuild%2ffreebsd-arm64 cache-miss
498 http cache https://registry.npmjs.org/@esbuild%2fwin32-arm64 18ms (cache hit)
499 silly packumentCache full:https://registry.npmjs.org/@esbuild%2fwin32-arm64 set size:197504 disposed:false
500 silly fetch manifest @esbuild/linux-loong64@0.27.0
501 silly packumentCache full:https://registry.npmjs.org/@esbuild%2flinux-loong64 cache-miss
502 http cache https://registry.npmjs.org/@esbuild%2fdarwin-arm64 17ms (cache hit)
503 silly packumentCache full:https://registry.npmjs.org/@esbuild%2fdarwin-arm64 set size:197958 disposed:false
504 silly fetch manifest @esbuild/linux-riscv64@0.27.0
505 silly packumentCache full:https://registry.npmjs.org/@esbuild%2flinux-riscv64 cache-miss
506 http cache https://registry.npmjs.org/@esbuild%2fandroid-arm64 31ms (cache hit)
507 silly packumentCache full:https://registry.npmjs.org/@esbuild%2fandroid-arm64 set size:200684 disposed:false
508 silly fetch manifest @esbuild/openbsd-arm64@0.27.0
509 silly packumentCache full:https://registry.npmjs.org/@esbuild%2fopenbsd-arm64 cache-miss
510 http cache https://registry.npmjs.org/@esbuild%2ffreebsd-arm64 32ms (cache hit)
511 silly packumentCache full:https://registry.npmjs.org/@esbuild%2ffreebsd-arm64 set size:198853 disposed:false
512 silly fetch manifest @esbuild/linux-mips64el@0.27.0
513 silly packumentCache full:https://registry.npmjs.org/@esbuild%2flinux-mips64el cache-miss
514 http cache https://registry.npmjs.org/@esbuild%2flinux-riscv64 32ms (cache hit)
515 silly packumentCache full:https://registry.npmjs.org/@esbuild%2flinux-riscv64 set size:198981 disposed:false
516 silly fetch manifest @esbuild/openharmony-arm64@0.27.0
517 silly packumentCache full:https://registry.npmjs.org/@esbuild%2fopenharmony-arm64 cache-miss
518 http cache https://registry.npmjs.org/@esbuild%2flinux-loong64 38ms (cache hit)
519 silly packumentCache full:https://registry.npmjs.org/@esbuild%2flinux-loong64 set size:252211 disposed:false
520 silly fetch manifest asynckit@^0.4.0
521 silly packumentCache full:https://registry.npmjs.org/asynckit cache-miss
522 http cache https://registry.npmjs.org/@esbuild%2flinux-mips64el 16ms (cache hit)
523 silly packumentCache full:https://registry.npmjs.org/@esbuild%2flinux-mips64el set size:201062 disposed:false
524 silly fetch manifest combined-stream@^1.0.8
525 silly packumentCache full:https://registry.npmjs.org/combined-stream cache-miss
526 http fetch GET 200 https://registry.npmjs.org/@esbuild%2fnetbsd-arm64 62ms (cache miss)
527 silly packumentCache full:https://registry.npmjs.org/@esbuild%2fnetbsd-arm64 set size:undefined disposed:false
528 silly fetch manifest es-set-tostringtag@^2.1.0
529 silly packumentCache full:https://registry.npmjs.org/es-set-tostringtag cache-miss
530 http fetch GET 200 https://registry.npmjs.org/@esbuild%2fopenbsd-arm64 114ms (cache miss)
531 silly packumentCache full:https://registry.npmjs.org/@esbuild%2fopenbsd-arm64 set size:undefined disposed:false
532 silly fetch manifest hasown@^2.0.2
533 silly packumentCache full:https://registry.npmjs.org/hasown cache-miss
534 http fetch GET 200 https://registry.npmjs.org/combined-stream 95ms (cache miss)
535 silly packumentCache full:https://registry.npmjs.org/combined-stream set size:undefined disposed:false
536 silly fetch manifest mime-types@^2.1.12
537 silly packumentCache full:https://registry.npmjs.org/mime-types cache-miss
538 http fetch GET 200 https://registry.npmjs.org/@esbuild%2fopenharmony-arm64 111ms (cache miss)
539 silly packumentCache full:https://registry.npmjs.org/@esbuild%2fopenharmony-arm64 set size:undefined disposed:false
540 silly fetch manifest lru-cache@^7.14.1
541 silly packumentCache full:https://registry.npmjs.org/lru-cache cache-miss
542 http fetch GET 200 https://registry.npmjs.org/asynckit 110ms (cache miss)
543 silly packumentCache full:https://registry.npmjs.org/asynckit set size:undefined disposed:false
544 silly fetch manifest agent-base@^7.0.2
545 silly packumentCache full:https://registry.npmjs.org/agent-base cache-miss
546 http cache https://registry.npmjs.org/mime-types 13ms (cache hit)
547 silly packumentCache full:https://registry.npmjs.org/mime-types set size:139110 disposed:false
548 silly fetch manifest proxy-from-env@^1.1.0
549 silly packumentCache full:https://registry.npmjs.org/proxy-from-env cache-miss
550 http cache https://registry.npmjs.org/lru-cache 15ms (cache hit)
551 silly packumentCache full:https://registry.npmjs.org/lru-cache set size:451987 disposed:false
552 silly fetch manifest pac-proxy-agent@^7.0.1
553 silly packumentCache full:https://registry.npmjs.org/pac-proxy-agent cache-miss
554 http fetch GET 200 https://registry.npmjs.org/es-set-tostringtag 121ms (cache miss)
555 silly packumentCache full:https://registry.npmjs.org/es-set-tostringtag set size:undefined disposed:false
556 silly fetch manifest http-proxy-agent@^7.0.1
557 silly packumentCache full:https://registry.npmjs.org/http-proxy-agent cache-miss
558 http fetch GET 200 https://registry.npmjs.org/hasown 40ms (cache miss)
559 silly packumentCache full:https://registry.npmjs.org/hasown set size:undefined disposed:false
560 silly fetch manifest https-proxy-agent@^7.0.3
561 silly packumentCache full:https://registry.npmjs.org/https-proxy-agent cache-miss
562 http fetch GET 200 https://registry.npmjs.org/agent-base 42ms (cache miss)
563 silly packumentCache full:https://registry.npmjs.org/agent-base set size:undefined disposed:false
564 silly fetch manifest socks-proxy-agent@^8.0.2
565 silly packumentCache full:https://registry.npmjs.org/socks-proxy-agent cache-miss
566 http fetch GET 200 https://registry.npmjs.org/@types%2fnode 481ms (cache miss)
567 silly packumentCache full:https://registry.npmjs.org/@types%2fnode set size:undefined disposed:false
568 silly fetch manifest zod@^4.1.1
569 silly packumentCache full:https://registry.npmjs.org/zod cache-miss
570 http fetch GET 200 https://registry.npmjs.org/proxy-from-env 194ms (cache miss)
571 silly packumentCache full:https://registry.npmjs.org/proxy-from-env set size:undefined disposed:false
572 silly fetch manifest @vercel/sandbox@1.9.0
573 silly packumentCache full:https://registry.npmjs.org/@vercel%2fsandbox cache-miss
574 http cache https://registry.npmjs.org/zod 39ms (cache hit)
575 silly packumentCache full:https://registry.npmjs.org/zod set size:3552562 disposed:false
576 http fetch GET 200 https://registry.npmjs.org/http-proxy-agent 214ms (cache miss)
577 silly packumentCache full:https://registry.npmjs.org/http-proxy-agent set size:undefined disposed:false
578 http fetch GET 200 https://registry.npmjs.org/socks-proxy-agent 194ms (cache miss)
579 silly packumentCache full:https://registry.npmjs.org/socks-proxy-agent set size:undefined disposed:false
580 http fetch GET 200 https://registry.npmjs.org/pac-proxy-agent 221ms (cache miss)
581 silly packumentCache full:https://registry.npmjs.org/pac-proxy-agent set size:undefined disposed:false
582 http fetch GET 200 https://registry.npmjs.org/https-proxy-agent 207ms (cache miss)
583 silly packumentCache full:https://registry.npmjs.org/https-proxy-agent set size:undefined disposed:false
584 http fetch GET 200 https://registry.npmjs.org/@vercel%2fsandbox 113ms (cache miss)
585 silly packumentCache full:https://registry.npmjs.org/@vercel%2fsandbox set size:undefined disposed:false
586 http fetch GET 200 https://registry.npmjs.org/typescript 751ms (cache miss)
587 silly packumentCache full:https://registry.npmjs.org/typescript set size:undefined disposed:false
588 silly placeDep ROOT @vercel/nft@1.5.0 OK for: @vercel/backends@0.7.2 want: 1.5.0
589 silly placeDep ROOT execa@3.2.0 OK for: @vercel/backends@0.7.2 want: 3.2.0
590 silly placeDep ROOT fs-extra@11.1.0 OK for: @vercel/backends@0.7.2 want: 11.1.0
591 silly placeDep ROOT oxc-transform@0.111.0 OK for: @vercel/backends@0.7.2 want: 0.111.0
592 silly placeDep ROOT path-to-regexp@8.3.0 OK for: @vercel/backends@0.7.2 want: 8.3.0
593 silly placeDep ROOT resolve.exports@2.0.3 OK for: @vercel/backends@0.7.2 want: 2.0.3
594 silly placeDep ROOT rolldown@1.0.0-rc.1 OK for: @vercel/backends@0.7.2 want: 1.0.0-rc.1
595 silly placeDep ROOT srvx@0.8.9 OK for: @vercel/backends@0.7.2 want: 0.8.9
596 silly placeDep ROOT tsx@4.21.0 OK for: @vercel/backends@0.7.2 want: 4.21.0
597 silly placeDep node_modules/@vercel/backends zod@3.22.4 OK for: @vercel/backends@0.7.2 want: 3.22.4
598 silly fetch manifest glob@^13.0.0
599 silly packumentCache full:https://registry.npmjs.org/glob cache-miss
600 silly fetch manifest acorn@^8.6.0
601 silly packumentCache full:https://registry.npmjs.org/acorn cache-miss
602 silly fetch manifest bindings@^1.4.0
603 silly packumentCache full:https://registry.npmjs.org/bindings cache-miss
604 silly fetch manifest picomatch@^4.0.2
605 silly packumentCache full:https://registry.npmjs.org/picomatch cache-miss
606 silly fetch manifest async-sema@^3.1.1
607 silly packumentCache full:https://registry.npmjs.org/async-sema cache-miss
608 silly fetch manifest graceful-fs@^4.2.9
609 silly packumentCache full:https://registry.npmjs.org/graceful-fs cache-miss
610 silly fetch manifest resolve-from@^5.0.0
611 silly packumentCache full:https://registry.npmjs.org/resolve-from cache-miss
612 http fetch GET 200 https://registry.npmjs.org/bindings 48ms (cache miss)
613 silly packumentCache full:https://registry.npmjs.org/bindings set size:undefined disposed:false
614 silly fetch manifest estree-walker@2.0.2
615 silly packumentCache full:https://registry.npmjs.org/estree-walker cache-miss
616 http fetch GET 200 https://registry.npmjs.org/async-sema 51ms (cache miss)
617 silly packumentCache full:https://registry.npmjs.org/async-sema set size:undefined disposed:false
618 silly fetch manifest node-gyp-build@^4.2.2
619 silly packumentCache full:https://registry.npmjs.org/node-gyp-build cache-miss
620 http fetch GET 200 https://registry.npmjs.org/resolve-from 53ms (cache miss)
621 silly packumentCache full:https://registry.npmjs.org/resolve-from set size:undefined disposed:false
622 silly fetch manifest @rollup/pluginutils@^5.1.3
623 silly packumentCache full:https://registry.npmjs.org/@rollup%2fpluginutils cache-miss
624 http fetch GET 200 https://registry.npmjs.org/graceful-fs 56ms (cache miss)
625 silly packumentCache full:https://registry.npmjs.org/graceful-fs set size:undefined disposed:false
626 silly fetch manifest @mapbox/node-pre-gyp@^2.0.0
627 silly packumentCache full:https://registry.npmjs.org/@mapbox%2fnode-pre-gyp cache-miss
628 http fetch GET 200 https://registry.npmjs.org/picomatch 61ms (cache miss)
629 silly packumentCache full:https://registry.npmjs.org/picomatch set size:undefined disposed:false
630 silly fetch manifest acorn-import-attributes@^1.9.5
631 silly packumentCache full:https://registry.npmjs.org/acorn-import-attributes cache-miss
632 http fetch GET 200 https://registry.npmjs.org/glob 68ms (cache miss)
633 silly packumentCache full:https://registry.npmjs.org/glob set size:undefined disposed:false
634 silly fetch manifest onetime@^5.1.0
635 silly packumentCache full:https://registry.npmjs.org/onetime cache-miss
636 http fetch GET 200 https://registry.npmjs.org/acorn 76ms (cache miss)
637 silly packumentCache full:https://registry.npmjs.org/acorn set size:undefined disposed:false
638 silly fetch manifest is-stream@^2.0.0
639 silly packumentCache full:https://registry.npmjs.org/is-stream cache-miss
640 http fetch GET 200 https://registry.npmjs.org/estree-walker 37ms (cache miss)
641 silly packumentCache full:https://registry.npmjs.org/estree-walker set size:undefined disposed:false
642 silly fetch manifest p-finally@^2.0.0
643 silly packumentCache full:https://registry.npmjs.org/p-finally cache-miss
644 http fetch GET 200 https://registry.npmjs.org/acorn-import-attributes 34ms (cache miss)
645 silly packumentCache full:https://registry.npmjs.org/acorn-import-attributes set size:undefined disposed:false
646 silly fetch manifest get-stream@^5.0.0
647 silly packumentCache full:https://registry.npmjs.org/get-stream cache-miss
648 http fetch GET 200 https://registry.npmjs.org/onetime 32ms (cache miss)
649 silly packumentCache full:https://registry.npmjs.org/onetime set size:undefined disposed:false
650 silly fetch manifest cross-spawn@^7.0.0
651 silly packumentCache full:https://registry.npmjs.org/cross-spawn cache-miss
652 http fetch GET 200 https://registry.npmjs.org/@mapbox%2fnode-pre-gyp 54ms (cache miss)
653 silly packumentCache full:https://registry.npmjs.org/@mapbox%2fnode-pre-gyp set size:undefined disposed:false
654 silly fetch manifest signal-exit@^3.0.2
655 silly packumentCache full:https://registry.npmjs.org/signal-exit cache-miss
656 http fetch GET 200 https://registry.npmjs.org/is-stream 37ms (cache miss)
657 silly packumentCache full:https://registry.npmjs.org/is-stream set size:undefined disposed:false
658 silly fetch manifest merge-stream@^2.0.0
659 silly packumentCache full:https://registry.npmjs.org/merge-stream cache-miss
660 http fetch GET 200 https://registry.npmjs.org/@rollup%2fpluginutils 65ms (cache miss)
661 silly packumentCache full:https://registry.npmjs.org/@rollup%2fpluginutils set size:undefined disposed:false
662 silly fetch manifest npm-run-path@^4.0.0
663 silly packumentCache full:https://registry.npmjs.org/npm-run-path cache-miss
664 http fetch GET 200 https://registry.npmjs.org/p-finally 42ms (cache miss)
665 silly packumentCache full:https://registry.npmjs.org/p-finally set size:undefined disposed:false
666 silly fetch manifest human-signals@^1.1.1
667 silly packumentCache full:https://registry.npmjs.org/human-signals cache-miss
668 http fetch GET 200 https://registry.npmjs.org/node-gyp-build 83ms (cache miss)
669 silly packumentCache full:https://registry.npmjs.org/node-gyp-build set size:undefined disposed:false
670 silly fetch manifest strip-final-newline@^2.0.0
671 silly packumentCache full:https://registry.npmjs.org/strip-final-newline cache-miss
672 http fetch GET 200 https://registry.npmjs.org/get-stream 42ms (cache miss)
673 silly packumentCache full:https://registry.npmjs.org/get-stream set size:undefined disposed:false
674 silly fetch manifest jsonfile@^6.0.1
675 silly packumentCache full:https://registry.npmjs.org/jsonfile cache-miss
676 http fetch GET 200 https://registry.npmjs.org/cross-spawn 42ms (cache miss)
677 silly packumentCache full:https://registry.npmjs.org/cross-spawn set size:undefined disposed:false
678 silly fetch manifest graceful-fs@^4.2.0
679 silly packumentCache full:https://registry.npmjs.org/graceful-fs cache-miss
680 http fetch GET 200 https://registry.npmjs.org/signal-exit 36ms (cache miss)
681 silly packumentCache full:https://registry.npmjs.org/signal-exit set size:undefined disposed:false
682 silly fetch manifest universalify@^2.0.0
683 silly packumentCache full:https://registry.npmjs.org/universalify cache-miss
684 http fetch GET 200 https://registry.npmjs.org/merge-stream 38ms (cache miss)
685 silly packumentCache full:https://registry.npmjs.org/merge-stream set size:undefined disposed:false
686 silly fetch manifest @oxc-transform/binding-darwin-x64@0.111.0
687 silly packumentCache full:https://registry.npmjs.org/@oxc-transform%2fbinding-darwin-x64 cache-miss
688 http cache https://registry.npmjs.org/graceful-fs 9ms (cache hit)
689 silly packumentCache full:https://registry.npmjs.org/graceful-fs set size:124285 disposed:false
690 silly fetch manifest @oxc-transform/binding-freebsd-x64@0.111.0
691 silly packumentCache full:https://registry.npmjs.org/@oxc-transform%2fbinding-freebsd-x64 cache-miss
692 http fetch GET 200 https://registry.npmjs.org/human-signals 36ms (cache miss)
693 silly packumentCache full:https://registry.npmjs.org/human-signals set size:undefined disposed:false
694 silly fetch manifest @oxc-transform/binding-wasm32-wasi@0.111.0
695 silly packumentCache full:https://registry.npmjs.org/@oxc-transform%2fbinding-wasm32-wasi cache-miss
696 http fetch GET 200 https://registry.npmjs.org/strip-final-newline 35ms (cache miss)
697 silly packumentCache full:https://registry.npmjs.org/strip-final-newline set size:undefined disposed:false
698 silly fetch manifest @oxc-transform/binding-darwin-arm64@0.111.0
699 silly packumentCache full:https://registry.npmjs.org/@oxc-transform%2fbinding-darwin-arm64 cache-miss
700 http fetch GET 200 https://registry.npmjs.org/jsonfile 36ms (cache miss)
701 silly packumentCache full:https://registry.npmjs.org/jsonfile set size:undefined disposed:false
702 silly fetch manifest @oxc-transform/binding-android-arm64@0.111.0
703 silly packumentCache full:https://registry.npmjs.org/@oxc-transform%2fbinding-android-arm64 cache-miss
704 http fetch GET 200 https://registry.npmjs.org/universalify 36ms (cache miss)
705 silly packumentCache full:https://registry.npmjs.org/universalify set size:undefined disposed:false
706 silly fetch manifest @oxc-transform/binding-linux-x64-gnu@0.111.0
707 silly packumentCache full:https://registry.npmjs.org/@oxc-transform%2fbinding-linux-x64-gnu cache-miss
708 http fetch GET 200 https://registry.npmjs.org/npm-run-path 79ms (cache miss)
709 silly packumentCache full:https://registry.npmjs.org/npm-run-path set size:undefined disposed:false
710 silly fetch manifest @oxc-transform/binding-linux-x64-musl@0.111.0
711 silly packumentCache full:https://registry.npmjs.org/@oxc-transform%2fbinding-linux-x64-musl cache-miss
712 http fetch GET 200 https://registry.npmjs.org/@oxc-transform%2fbinding-darwin-x64 57ms (cache miss)
713 silly packumentCache full:https://registry.npmjs.org/@oxc-transform%2fbinding-darwin-x64 set size:undefined disposed:false
714 silly fetch manifest @oxc-transform/binding-win32-x64-msvc@0.111.0
715 silly packumentCache full:https://registry.npmjs.org/@oxc-transform%2fbinding-win32-x64-msvc cache-miss
716 http fetch GET 200 https://registry.npmjs.org/@oxc-transform%2fbinding-android-arm64 58ms (cache miss)
717 silly packumentCache full:https://registry.npmjs.org/@oxc-transform%2fbinding-android-arm64 set size:undefined disposed:false
718 silly fetch manifest @oxc-transform/binding-linux-arm64-gnu@0.111.0
719 silly packumentCache full:https://registry.npmjs.org/@oxc-transform%2fbinding-linux-arm64-gnu cache-miss
720 http fetch GET 200 https://registry.npmjs.org/@oxc-transform%2fbinding-wasm32-wasi 70ms (cache miss)
721 silly packumentCache full:https://registry.npmjs.org/@oxc-transform%2fbinding-wasm32-wasi set size:undefined disposed:false
722 silly fetch manifest @oxc-transform/binding-linux-ppc64-gnu@0.111.0
723 silly packumentCache full:https://registry.npmjs.org/@oxc-transform%2fbinding-linux-ppc64-gnu cache-miss
724 http fetch GET 200 https://registry.npmjs.org/@oxc-transform%2fbinding-linux-x64-musl 53ms (cache miss)
725 silly packumentCache full:https://registry.npmjs.org/@oxc-transform%2fbinding-linux-x64-musl set size:undefined disposed:false
726 silly fetch manifest @oxc-transform/binding-linux-s390x-gnu@0.111.0
727 silly packumentCache full:https://registry.npmjs.org/@oxc-transform%2fbinding-linux-s390x-gnu cache-miss
728 http fetch GET 200 https://registry.npmjs.org/@oxc-transform%2fbinding-linux-arm64-gnu 66ms (cache miss)
729 silly packumentCache full:https://registry.npmjs.org/@oxc-transform%2fbinding-linux-arm64-gnu set size:undefined disposed:false
730 silly fetch manifest @oxc-transform/binding-win32-ia32-msvc@0.111.0
731 silly packumentCache full:https://registry.npmjs.org/@oxc-transform%2fbinding-win32-ia32-msvc cache-miss
732 http fetch GET 200 https://registry.npmjs.org/@oxc-transform%2fbinding-linux-x64-gnu 136ms (cache miss)
733 silly packumentCache full:https://registry.npmjs.org/@oxc-transform%2fbinding-linux-x64-gnu set size:undefined disposed:false
734 silly fetch manifest @oxc-transform/binding-android-arm-eabi@0.111.0
735 silly packumentCache full:https://registry.npmjs.org/@oxc-transform%2fbinding-android-arm-eabi cache-miss
736 http fetch GET 200 https://registry.npmjs.org/@oxc-transform%2fbinding-freebsd-x64 199ms (cache miss)
737 silly packumentCache full:https://registry.npmjs.org/@oxc-transform%2fbinding-freebsd-x64 set size:undefined disposed:false
738 silly fetch manifest @oxc-transform/binding-linux-arm64-musl@0.111.0
739 silly packumentCache full:https://registry.npmjs.org/@oxc-transform%2fbinding-linux-arm64-musl cache-miss
740 http fetch GET 200 https://registry.npmjs.org/@oxc-transform%2fbinding-darwin-arm64 190ms (cache miss)
741 silly packumentCache full:https://registry.npmjs.org/@oxc-transform%2fbinding-darwin-arm64 set size:undefined disposed:false
742 silly fetch manifest @oxc-transform/binding-win32-arm64-msvc@0.111.0
743 silly packumentCache full:https://registry.npmjs.org/@oxc-transform%2fbinding-win32-arm64-msvc cache-miss
744 http fetch GET 200 https://registry.npmjs.org/@oxc-transform%2fbinding-linux-ppc64-gnu 141ms (cache miss)
745 silly packumentCache full:https://registry.npmjs.org/@oxc-transform%2fbinding-linux-ppc64-gnu set size:undefined disposed:false
746 silly fetch manifest @oxc-transform/binding-linux-riscv64-gnu@0.111.0
747 silly packumentCache full:https://registry.npmjs.org/@oxc-transform%2fbinding-linux-riscv64-gnu cache-miss
748 http fetch GET 200 https://registry.npmjs.org/@oxc-transform%2fbinding-win32-x64-msvc 179ms (cache miss)
749 silly packumentCache full:https://registry.npmjs.org/@oxc-transform%2fbinding-win32-x64-msvc set size:undefined disposed:false
750 silly fetch manifest @oxc-transform/binding-openharmony-arm64@0.111.0
751 silly packumentCache full:https://registry.npmjs.org/@oxc-transform%2fbinding-openharmony-arm64 cache-miss
752 http fetch GET 200 https://registry.npmjs.org/@oxc-transform%2fbinding-android-arm-eabi 88ms (cache miss)
753 silly packumentCache full:https://registry.npmjs.org/@oxc-transform%2fbinding-android-arm-eabi set size:undefined disposed:false
754 silly fetch manifest @oxc-transform/binding-linux-riscv64-musl@0.111.0
755 silly packumentCache full:https://registry.npmjs.org/@oxc-transform%2fbinding-linux-riscv64-musl cache-miss
756 http fetch GET 200 https://registry.npmjs.org/@oxc-transform%2fbinding-win32-arm64-msvc 54ms (cache miss)
757 silly packumentCache full:https://registry.npmjs.org/@oxc-transform%2fbinding-win32-arm64-msvc set size:undefined disposed:false
758 silly fetch manifest @oxc-transform/binding-linux-arm-gnueabihf@0.111.0
759 silly packumentCache full:https://registry.npmjs.org/@oxc-transform%2fbinding-linux-arm-gnueabihf cache-miss
760 http fetch GET 200 https://registry.npmjs.org/@oxc-transform%2fbinding-linux-s390x-gnu 164ms (cache miss)
761 silly packumentCache full:https://registry.npmjs.org/@oxc-transform%2fbinding-linux-s390x-gnu set size:undefined disposed:false
762 silly fetch manifest @oxc-transform/binding-linux-arm-musleabihf@0.111.0
763 silly packumentCache full:https://registry.npmjs.org/@oxc-transform%2fbinding-linux-arm-musleabihf cache-miss
764 http fetch GET 200 https://registry.npmjs.org/@oxc-transform%2fbinding-openharmony-arm64 55ms (cache miss)
765 silly packumentCache full:https://registry.npmjs.org/@oxc-transform%2fbinding-openharmony-arm64 set size:undefined disposed:false
766 silly fetch manifest @oxc-project/types@=0.110.0
767 silly packumentCache full:https://registry.npmjs.org/@oxc-project%2ftypes cache-miss
768 http fetch GET 200 https://registry.npmjs.org/@oxc-transform%2fbinding-linux-riscv64-musl 54ms (cache miss)
769 silly packumentCache full:https://registry.npmjs.org/@oxc-transform%2fbinding-linux-riscv64-musl set size:undefined disposed:false
770 silly fetch manifest @rolldown/pluginutils@1.0.0-rc.1
771 silly packumentCache full:https://registry.npmjs.org/@rolldown%2fpluginutils cache-miss
772 http fetch GET 200 https://registry.npmjs.org/@oxc-transform%2fbinding-linux-arm-gnueabihf 60ms (cache miss)
773 silly packumentCache full:https://registry.npmjs.org/@oxc-transform%2fbinding-linux-arm-gnueabihf set size:undefined disposed:false
774 silly fetch manifest @rolldown/binding-darwin-x64@1.0.0-rc.1
775 silly packumentCache full:https://registry.npmjs.org/@rolldown%2fbinding-darwin-x64 cache-miss
776 http fetch GET 200 https://registry.npmjs.org/@oxc-transform%2fbinding-win32-ia32-msvc 175ms (cache miss)
777 silly packumentCache full:https://registry.npmjs.org/@oxc-transform%2fbinding-win32-ia32-msvc set size:undefined disposed:false
778 silly fetch manifest @rolldown/binding-freebsd-x64@1.0.0-rc.1
779 silly packumentCache full:https://registry.npmjs.org/@rolldown%2fbinding-freebsd-x64 cache-miss
780 http fetch GET 200 https://registry.npmjs.org/@oxc-transform%2fbinding-linux-arm64-musl 132ms (cache miss)
781 silly packumentCache full:https://registry.npmjs.org/@oxc-transform%2fbinding-linux-arm64-musl set size:undefined disposed:false
782 silly fetch manifest @rolldown/binding-wasm32-wasi@1.0.0-rc.1
783 silly packumentCache full:https://registry.npmjs.org/@rolldown%2fbinding-wasm32-wasi cache-miss
784 http cache https://registry.npmjs.org/@rolldown%2fpluginutils 25ms (cache hit)
785 silly packumentCache full:https://registry.npmjs.org/@rolldown%2fpluginutils set size:300388 disposed:false
786 silly fetch manifest @rolldown/binding-darwin-arm64@1.0.0-rc.1
787 silly packumentCache full:https://registry.npmjs.org/@rolldown%2fbinding-darwin-arm64 cache-miss
788 http fetch GET 200 https://registry.npmjs.org/@oxc-project%2ftypes 107ms (cache miss)
789 silly packumentCache full:https://registry.npmjs.org/@oxc-project%2ftypes set size:undefined disposed:false
790 silly fetch manifest @rolldown/binding-android-arm64@1.0.0-rc.1
791 silly packumentCache full:https://registry.npmjs.org/@rolldown%2fbinding-android-arm64 cache-miss
792 http fetch GET 200 https://registry.npmjs.org/@oxc-transform%2fbinding-linux-riscv64-gnu 198ms (cache miss)
793 silly packumentCache full:https://registry.npmjs.org/@oxc-transform%2fbinding-linux-riscv64-gnu set size:undefined disposed:false
794 silly fetch manifest @rolldown/binding-linux-x64-gnu@1.0.0-rc.1
795 silly packumentCache full:https://registry.npmjs.org/@rolldown%2fbinding-linux-x64-gnu cache-miss
796 http fetch GET 200 https://registry.npmjs.org/@rolldown%2fbinding-freebsd-x64 98ms (cache miss)
797 silly packumentCache full:https://registry.npmjs.org/@rolldown%2fbinding-freebsd-x64 set size:undefined disposed:false
798 silly fetch manifest @rolldown/binding-linux-x64-musl@1.0.0-rc.1
799 silly packumentCache full:https://registry.npmjs.org/@rolldown%2fbinding-linux-x64-musl cache-miss
800 http fetch GET 200 https://registry.npmjs.org/@rolldown%2fbinding-darwin-arm64 112ms (cache miss)
801 silly packumentCache full:https://registry.npmjs.org/@rolldown%2fbinding-darwin-arm64 set size:undefined disposed:false
802 silly fetch manifest @rolldown/binding-win32-x64-msvc@1.0.0-rc.1
803 silly packumentCache full:https://registry.npmjs.org/@rolldown%2fbinding-win32-x64-msvc cache-miss
804 http fetch GET 200 https://registry.npmjs.org/@oxc-transform%2fbinding-linux-arm-musleabihf 195ms (cache miss)
805 silly packumentCache full:https://registry.npmjs.org/@oxc-transform%2fbinding-linux-arm-musleabihf set size:undefined disposed:false
806 silly fetch manifest @rolldown/binding-linux-arm64-gnu@1.0.0-rc.1
807 silly packumentCache full:https://registry.npmjs.org/@rolldown%2fbinding-linux-arm64-gnu cache-miss
808 http fetch GET 200 https://registry.npmjs.org/@rolldown%2fbinding-wasm32-wasi 137ms (cache miss)
809 silly packumentCache full:https://registry.npmjs.org/@rolldown%2fbinding-wasm32-wasi set size:undefined disposed:false
810 silly fetch manifest @rolldown/binding-linux-arm64-musl@1.0.0-rc.1
811 silly packumentCache full:https://registry.npmjs.org/@rolldown%2fbinding-linux-arm64-musl cache-miss
812 http fetch GET 200 https://registry.npmjs.org/@rolldown%2fbinding-android-arm64 87ms (cache miss)
813 silly packumentCache full:https://registry.npmjs.org/@rolldown%2fbinding-android-arm64 set size:undefined disposed:false
814 silly fetch manifest @rolldown/binding-win32-arm64-msvc@1.0.0-rc.1
815 silly packumentCache full:https://registry.npmjs.org/@rolldown%2fbinding-win32-arm64-msvc cache-miss
816 http fetch GET 200 https://registry.npmjs.org/@rolldown%2fbinding-darwin-x64 197ms (cache miss)
817 silly packumentCache full:https://registry.npmjs.org/@rolldown%2fbinding-darwin-x64 set size:undefined disposed:false
818 silly fetch manifest @rolldown/binding-openharmony-arm64@1.0.0-rc.1
819 silly packumentCache full:https://registry.npmjs.org/@rolldown%2fbinding-openharmony-arm64 cache-miss
820 http fetch GET 200 https://registry.npmjs.org/@rolldown%2fbinding-openharmony-arm64 64ms (cache miss)
821 silly packumentCache full:https://registry.npmjs.org/@rolldown%2fbinding-openharmony-arm64 set size:undefined disposed:false
822 silly fetch manifest @rolldown/binding-linux-arm-gnueabihf@1.0.0-rc.1
823 silly packumentCache full:https://registry.npmjs.org/@rolldown%2fbinding-linux-arm-gnueabihf cache-miss
824 http fetch GET 200 https://registry.npmjs.org/@rolldown%2fbinding-linux-arm64-gnu 151ms (cache miss)
825 silly packumentCache full:https://registry.npmjs.org/@rolldown%2fbinding-linux-arm64-gnu set size:undefined disposed:false
826 silly fetch manifest cookie-es@^2.0.0
827 silly packumentCache full:https://registry.npmjs.org/cookie-es cache-miss
828 http fetch GET 200 https://registry.npmjs.org/@rolldown%2fbinding-win32-x64-msvc 202ms (cache miss)
829 silly packumentCache full:https://registry.npmjs.org/@rolldown%2fbinding-win32-x64-msvc set size:undefined disposed:false
830 silly fetch manifest esbuild@~0.27.0
831 silly packumentCache full:https://registry.npmjs.org/esbuild cache-miss
832 http fetch GET 200 https://registry.npmjs.org/@rolldown%2fbinding-linux-x64-gnu 254ms (cache miss)
833 silly packumentCache full:https://registry.npmjs.org/@rolldown%2fbinding-linux-x64-gnu set size:undefined disposed:false
834 silly fetch manifest get-tsconfig@^4.7.5
835 silly packumentCache full:https://registry.npmjs.org/get-tsconfig cache-miss
836 http fetch GET 200 https://registry.npmjs.org/@rolldown%2fbinding-linux-arm64-musl 203ms (cache miss)
837 silly packumentCache full:https://registry.npmjs.org/@rolldown%2fbinding-linux-arm64-musl set size:undefined disposed:false
838 http cache https://registry.npmjs.org/esbuild 33ms (cache hit)
839 silly packumentCache full:https://registry.npmjs.org/esbuild set size:1254708 disposed:false
840 http fetch GET 200 https://registry.npmjs.org/@rolldown%2fbinding-linux-x64-musl 286ms (cache miss)
841 silly packumentCache full:https://registry.npmjs.org/@rolldown%2fbinding-linux-x64-musl set size:undefined disposed:false
842 http fetch GET 200 https://registry.npmjs.org/@rolldown%2fbinding-win32-arm64-msvc 247ms (cache miss)
843 silly packumentCache full:https://registry.npmjs.org/@rolldown%2fbinding-win32-arm64-msvc set size:undefined disposed:false
844 http fetch GET 200 https://registry.npmjs.org/cookie-es 133ms (cache miss)
845 silly packumentCache full:https://registry.npmjs.org/cookie-es set size:undefined disposed:false
846 http fetch GET 200 https://registry.npmjs.org/get-tsconfig 83ms (cache miss)
847 silly packumentCache full:https://registry.npmjs.org/get-tsconfig set size:undefined disposed:false
848 http fetch GET 200 https://registry.npmjs.org/@rolldown%2fbinding-linux-arm-gnueabihf 186ms (cache miss)
849 silly packumentCache full:https://registry.npmjs.org/@rolldown%2fbinding-linux-arm-gnueabihf set size:undefined disposed:false
850 silly placeDep ROOT async-retry@1.3.3 OK for: @vercel/blob@2.4.0 want: ^1.3.3
851 silly placeDep ROOT is-buffer@2.0.5 OK for: @vercel/blob@2.4.0 want: ^2.0.5
852 silly placeDep ROOT is-node-process@1.2.0 OK for: @vercel/blob@2.4.0 want: ^1.2.0
853 silly placeDep ROOT throttleit@2.1.0 OK for: @vercel/blob@2.4.0 want: ^2.1.0
854 silly placeDep ROOT undici@6.26.0 OK for: @vercel/blob@2.4.0 want: ^6.23.0
855 silly fetch manifest retry@0.13.1
856 silly packumentCache full:https://registry.npmjs.org/retry cache-miss
857 http fetch GET 200 https://registry.npmjs.org/retry 37ms (cache miss)
858 silly packumentCache full:https://registry.npmjs.org/retry set size:undefined disposed:false
859 silly placeDep ROOT @vercel/python-analysis@0.11.1 OK for: @vercel/build-utils@13.26.1 want: 0.11.1
860 silly placeDep ROOT cjs-module-lexer@1.2.3 OK for: @vercel/build-utils@13.26.1 want: 1.2.3
861 silly placeDep ROOT es-module-lexer@1.5.0 OK for: @vercel/build-utils@13.26.1 want: 1.5.0
862 silly fetch manifest js-yaml@4.1.1
863 silly packumentCache full:https://registry.npmjs.org/js-yaml cache-miss
864 silly fetch manifest fs-extra@11.1.1
865 silly packumentCache full:https://registry.npmjs.org/fs-extra cache-miss
866 silly fetch manifest minimatch@10.1.1
867 silly packumentCache full:https://registry.npmjs.org/minimatch cache-miss
868 silly fetch manifest @renovatebot/pep440@4.2.1
869 silly packumentCache full:https://registry.npmjs.org/@renovatebot%2fpep440 cache-miss
870 silly fetch manifest @bytecodealliance/preview2-shim@0.17.6
871 silly packumentCache full:https://registry.npmjs.org/@bytecodealliance%2fpreview2-shim cache-miss
872 http cache https://registry.npmjs.org/fs-extra 8ms (cache hit)
873 silly packumentCache full:https://registry.npmjs.org/fs-extra set size:234923 disposed:false
874 http fetch GET 200 https://registry.npmjs.org/js-yaml 36ms (cache miss)
875 silly packumentCache full:https://registry.npmjs.org/js-yaml set size:undefined disposed:false
876 http fetch GET 200 https://registry.npmjs.org/minimatch 50ms (cache miss)
877 silly packumentCache full:https://registry.npmjs.org/minimatch set size:undefined disposed:false
878 http fetch GET 200 https://registry.npmjs.org/@bytecodealliance%2fpreview2-shim 60ms (cache miss)
879 silly packumentCache full:https://registry.npmjs.org/@bytecodealliance%2fpreview2-shim set size:undefined disposed:false
880 http fetch GET 200 https://registry.npmjs.org/@renovatebot%2fpep440 61ms (cache miss)
881 silly packumentCache full:https://registry.npmjs.org/@renovatebot%2fpep440 set size:undefined disposed:false
882 silly placeDep ROOT xdg-app-paths@5.5.1 OK for: @vercel/cli-config@0.1.2 want: 5
883 silly fetch manifest os-paths@^4.0.1
884 silly packumentCache full:https://registry.npmjs.org/os-paths cache-miss
885 silly fetch manifest xdg-portable@^7.2.0
886 silly packumentCache full:https://registry.npmjs.org/xdg-portable cache-miss
887 http fetch GET 200 https://registry.npmjs.org/os-paths 36ms (cache miss)
888 silly packumentCache full:https://registry.npmjs.org/os-paths set size:undefined disposed:false
889 http fetch GET 200 https://registry.npmjs.org/xdg-portable 43ms (cache miss)
890 silly packumentCache full:https://registry.npmjs.org/xdg-portable set size:undefined disposed:false
891 silly placeDep ROOT @vercel/static-config@3.3.0 OK for: @vercel/elysia@0.1.80 want: 3.3.0
892 silly fetch manifest ajv@8.6.3
893 silly packumentCache full:https://registry.npmjs.org/ajv cache-miss
894 silly fetch manifest json-schema-to-ts@1.6.4
895 silly packumentCache full:https://registry.npmjs.org/json-schema-to-ts cache-miss
896 http fetch GET 200 https://registry.npmjs.org/json-schema-to-ts 55ms (cache miss)
897 silly packumentCache full:https://registry.npmjs.org/json-schema-to-ts set size:undefined disposed:false
898 http fetch GET 200 https://registry.npmjs.org/ajv 62ms (cache miss)
899 silly packumentCache full:https://registry.npmjs.org/ajv set size:undefined disposed:false
900 silly placeDep ROOT @vercel/cervel@0.1.7 OK for: @vercel/express@0.1.90 want: 0.1.7
901 silly placeDep ROOT ts-morph@12.0.0 OK for: @vercel/express@0.1.90 want: 12.0.0
902 silly placeDep node_modules/@vercel/express zod@3.22.4 OK for: @vercel/express@0.1.90 want: 3.22.4
903 silly fetch manifest @ts-morph/common@~0.11.0
904 silly packumentCache full:https://registry.npmjs.org/@ts-morph%2fcommon cache-miss
905 silly fetch manifest code-block-writer@^10.1.1
906 silly packumentCache full:https://registry.npmjs.org/code-block-writer cache-miss
907 http fetch GET 200 https://registry.npmjs.org/code-block-writer 43ms (cache miss)
908 silly packumentCache full:https://registry.npmjs.org/code-block-writer set size:undefined disposed:false
909 http fetch GET 200 https://registry.npmjs.org/@ts-morph%2fcommon 49ms (cache miss)
910 silly packumentCache full:https://registry.npmjs.org/@ts-morph%2fcommon set size:undefined disposed:false
911 silly placeDep ROOT @tootallnate/once@2.0.0 OK for: @vercel/fun@1.3.0 want: 2.0.0
912 silly placeDep ROOT async-listen@1.2.0 OK for: @vercel/fun@1.3.0 want: 1.2.0
913 silly placeDep node_modules/@vercel/fun debug@4.3.4 OK for: @vercel/fun@1.3.0 want: 4.3.4
914 silly placeDep ROOT generic-pool@3.4.2 OK for: @vercel/fun@1.3.0 want: 3.4.2
915 silly placeDep ROOT micro@9.3.5-canary.3 OK for: @vercel/fun@1.3.0 want: 9.3.5-canary.3
916 silly placeDep node_modules/@vercel/fun ms@2.1.1 OK for: @vercel/fun@1.3.0 want: 2.1.1
917 silly placeDep ROOT node-fetch@2.6.7 OK for: @vercel/fun@1.3.0 want: 2.6.7
918 silly placeDep node_modules/@vercel/fun path-to-regexp@8.2.0 OK for: @vercel/fun@1.3.0 want: 8.2.0
919 silly placeDep ROOT promisepipe@3.0.0 OK for: @vercel/fun@1.3.0 want: 3.0.0
920 silly placeDep node_modules/@vercel/fun semver@7.5.4 OK for: @vercel/fun@1.3.0 want: 7.5.4
921 silly placeDep ROOT stat-mode@0.3.0 OK for: @vercel/fun@1.3.0 want: 0.3.0
922 silly placeDep ROOT stream-to-promise@2.2.0 OK for: @vercel/fun@1.3.0 want: 2.2.0
923 silly placeDep ROOT tar@7.5.7 OK for: @vercel/fun@1.3.0 want: 7.5.7
924 silly placeDep ROOT tinyexec@0.3.2 OK for: @vercel/fun@1.3.0 want: 0.3.2
925 silly placeDep ROOT tree-kill@1.2.2 OK for: @vercel/fun@1.3.0 want: 1.2.2
926 silly placeDep ROOT uid-promise@1.0.0 OK for: @vercel/fun@1.3.0 want: 1.0.0
927 silly placeDep node_modules/@vercel/fun xdg-app-paths@5.1.0 OK for: @vercel/fun@1.3.0 want: 5.1.0
928 silly placeDep ROOT yauzl-promise@2.1.3 OK for: @vercel/fun@1.3.0 want: 2.1.3
929 silly fetch manifest ms@2.1.2
930 silly packumentCache full:https://registry.npmjs.org/ms cache-hit
931 silly fetch manifest arg@4.1.0
932 silly packumentCache full:https://registry.npmjs.org/arg cache-miss
933 silly fetch manifest raw-body@2.4.1
934 silly packumentCache full:https://registry.npmjs.org/raw-body cache-miss
935 silly fetch manifest content-type@1.0.4
936 silly packumentCache full:https://registry.npmjs.org/content-type cache-miss
937 silly fetch manifest whatwg-url@^5.0.0
938 silly packumentCache full:https://registry.npmjs.org/whatwg-url cache-miss
939 silly fetch manifest lru-cache@^6.0.0
940 silly packumentCache full:https://registry.npmjs.org/lru-cache cache-hit
941 silly fetch manifest any-promise@~1.3.0
942 silly packumentCache full:https://registry.npmjs.org/any-promise cache-miss
943 silly fetch manifest end-of-stream@~1.1.0
944 silly packumentCache full:https://registry.npmjs.org/end-of-stream cache-miss
945 silly fetch manifest stream-to-array@~2.3.0
946 silly packumentCache full:https://registry.npmjs.org/stream-to-array cache-miss
947 http fetch GET 200 https://registry.npmjs.org/any-promise 44ms (cache miss)
948 silly packumentCache full:https://registry.npmjs.org/any-promise set size:undefined disposed:false
949 silly fetch manifest chownr@^3.0.0
950 silly packumentCache full:https://registry.npmjs.org/chownr cache-miss
951 http fetch GET 200 https://registry.npmjs.org/stream-to-array 45ms (cache miss)
952 silly packumentCache full:https://registry.npmjs.org/stream-to-array set size:undefined disposed:false
953 silly fetch manifest yallist@^5.0.0
954 silly packumentCache full:https://registry.npmjs.org/yallist cache-miss
955 http fetch GET 200 https://registry.npmjs.org/content-type 49ms (cache miss)
956 silly packumentCache full:https://registry.npmjs.org/content-type set size:undefined disposed:false
957 silly fetch manifest minipass@^7.1.2
958 silly packumentCache full:https://registry.npmjs.org/minipass cache-miss
959 http fetch GET 200 https://registry.npmjs.org/arg 53ms (cache miss)
960 silly packumentCache full:https://registry.npmjs.org/arg set size:undefined disposed:false
961 silly fetch manifest minizlib@^3.1.0
962 silly packumentCache full:https://registry.npmjs.org/minizlib cache-miss
963 http fetch GET 200 https://registry.npmjs.org/end-of-stream 52ms (cache miss)
964 silly packumentCache full:https://registry.npmjs.org/end-of-stream set size:undefined disposed:false
965 silly fetch manifest @isaacs/fs-minipass@^4.0.0
966 silly packumentCache full:https://registry.npmjs.org/@isaacs%2ffs-minipass cache-miss
967 http fetch GET 200 https://registry.npmjs.org/raw-body 60ms (cache miss)
968 silly packumentCache full:https://registry.npmjs.org/raw-body set size:undefined disposed:false
969 silly fetch manifest xdg-portable@^7.0.0
970 silly packumentCache full:https://registry.npmjs.org/xdg-portable cache-miss
971 http cache https://registry.npmjs.org/yallist 14ms (cache hit)
972 silly packumentCache full:https://registry.npmjs.org/yallist set size:34610 disposed:false
973 silly fetch manifest yauzl@^2.9.1
974 silly packumentCache full:https://registry.npmjs.org/yauzl cache-miss
975 http fetch GET 200 https://registry.npmjs.org/whatwg-url 65ms (cache miss)
976 silly packumentCache full:https://registry.npmjs.org/whatwg-url set size:undefined disposed:false
977 silly fetch manifest yauzl-clone@^1.0.4
978 silly packumentCache full:https://registry.npmjs.org/yauzl-clone cache-miss
979 http cache https://registry.npmjs.org/xdg-portable 8ms (cache hit)
980 silly packumentCache full:https://registry.npmjs.org/xdg-portable set size:329210 disposed:false
981 http fetch GET 200 https://registry.npmjs.org/chownr 35ms (cache miss)
982 silly packumentCache full:https://registry.npmjs.org/chownr set size:undefined disposed:false
983 http fetch GET 200 https://registry.npmjs.org/minizlib 39ms (cache miss)
984 silly packumentCache full:https://registry.npmjs.org/minizlib set size:undefined disposed:false
985 http fetch GET 200 https://registry.npmjs.org/minipass 46ms (cache miss)
986 silly packumentCache full:https://registry.npmjs.org/minipass set size:undefined disposed:false
987 http fetch GET 200 https://registry.npmjs.org/yauzl-clone 33ms (cache miss)
988 silly packumentCache full:https://registry.npmjs.org/yauzl-clone set size:undefined disposed:false
989 http fetch GET 200 https://registry.npmjs.org/yauzl 43ms (cache miss)
990 silly packumentCache full:https://registry.npmjs.org/yauzl set size:undefined disposed:false
991 http fetch GET 200 https://registry.npmjs.org/@isaacs%2ffs-minipass 54ms (cache miss)
992 silly packumentCache full:https://registry.npmjs.org/@isaacs%2ffs-minipass set size:undefined disposed:false
993 silly placeDep node_modules/@vercel/hono zod@3.22.4 OK for: @vercel/hono@0.2.83 want: 3.22.4
994 silly placeDep ROOT @mapbox/node-pre-gyp@2.0.3 OK for: @vercel/nft@1.5.0 want: ^2.0.0
995 silly placeDep ROOT @rollup/pluginutils@5.3.0 OK for: @vercel/nft@1.5.0 want: ^5.1.3
996 silly placeDep ROOT acorn@8.16.0 OK for: @vercel/nft@1.5.0 want: ^8.6.0
997 silly placeDep ROOT acorn-import-attributes@1.9.5 OK for: @vercel/nft@1.5.0 want: ^1.9.5
998 silly placeDep ROOT async-sema@3.1.1 OK for: @vercel/nft@1.5.0 want: ^3.1.1
999 silly placeDep ROOT bindings@1.5.0 OK for: @vercel/nft@1.5.0 want: ^1.4.0
1000 silly placeDep ROOT estree-walker@2.0.2 OK for: @vercel/nft@1.5.0 want: 2.0.2
1001 silly placeDep ROOT glob@13.0.6 OK for: @vercel/nft@1.5.0 want: ^13.0.0
1002 silly placeDep ROOT graceful-fs@4.2.11 OK for: @vercel/nft@1.5.0 want: ^4.2.9
1003 silly placeDep ROOT node-gyp-build@4.8.4 OK for: @vercel/nft@1.5.0 want: ^4.2.2
1004 silly placeDep ROOT picomatch@4.0.4 OK for: @vercel/nft@1.5.0 want: ^4.0.2
1005 silly placeDep ROOT resolve-from@5.0.0 OK for: @vercel/nft@1.5.0 want: ^5.0.0
1006 silly fetch manifest nopt@^8.0.0
1007 silly packumentCache full:https://registry.npmjs.org/nopt cache-miss
1008 silly fetch manifest semver@^7.5.3
1009 silly packumentCache full:https://registry.npmjs.org/semver cache-hit
1010 silly fetch manifest consola@^3.2.3
1011 silly packumentCache full:https://registry.npmjs.org/consola cache-miss
1012 silly fetch manifest detect-libc@^2.0.0
1013 silly packumentCache full:https://registry.npmjs.org/detect-libc cache-miss
1014 silly fetch manifest https-proxy-agent@^7.0.5
1015 silly packumentCache full:https://registry.npmjs.org/https-proxy-agent cache-miss
1016 silly fetch manifest estree-walker@^2.0.2
1017 silly packumentCache full:https://registry.npmjs.org/estree-walker cache-miss
1018 silly fetch manifest file-uri-to-path@1.0.0
1019 silly packumentCache full:https://registry.npmjs.org/file-uri-to-path cache-miss
1020 silly fetch manifest minimatch@^10.2.2
1021 silly packumentCache full:https://registry.npmjs.org/minimatch cache-miss
1022 http cache https://registry.npmjs.org/estree-walker 7ms (cache hit)
1023 silly packumentCache full:https://registry.npmjs.org/estree-walker set size:60887 disposed:false
1024 silly fetch manifest minipass@^7.1.3
1025 silly packumentCache full:https://registry.npmjs.org/minipass cache-miss
1026 http cache https://registry.npmjs.org/https-proxy-agent 10ms (cache hit)
1027 silly packumentCache full:https://registry.npmjs.org/https-proxy-agent set size:81258 disposed:false
1028 silly fetch manifest path-scurry@^2.0.2
1029 silly packumentCache full:https://registry.npmjs.org/path-scurry cache-miss
1030 http cache https://registry.npmjs.org/minimatch 11ms (cache hit)
1031 silly packumentCache full:https://registry.npmjs.org/minimatch set size:375282 disposed:false
1032 http cache https://registry.npmjs.org/minipass 9ms (cache hit)
1033 silly packumentCache full:https://registry.npmjs.org/minipass set size:276925 disposed:false
1034 http fetch GET 200 https://registry.npmjs.org/detect-libc 46ms (cache miss)
1035 silly packumentCache full:https://registry.npmjs.org/detect-libc set size:undefined disposed:false
1036 http fetch GET 200 https://registry.npmjs.org/nopt 48ms (cache miss)
1037 silly packumentCache full:https://registry.npmjs.org/nopt set size:undefined disposed:false
1038 http fetch GET 200 https://registry.npmjs.org/file-uri-to-path 46ms (cache miss)
1039 silly packumentCache full:https://registry.npmjs.org/file-uri-to-path set size:undefined disposed:false
1040 http fetch GET 200 https://registry.npmjs.org/path-scurry 41ms (cache miss)
1041 silly packumentCache full:https://registry.npmjs.org/path-scurry set size:undefined disposed:false
1042 http fetch GET 200 https://registry.npmjs.org/consola 54ms (cache miss)
1043 silly packumentCache full:https://registry.npmjs.org/consola set size:undefined disposed:false
1044 silly placeDep ROOT consola@3.4.2 OK for: @mapbox/node-pre-gyp@2.0.3 want: ^3.2.3
1045 silly placeDep ROOT detect-libc@2.1.2 OK for: @mapbox/node-pre-gyp@2.0.3 want: ^2.0.0
1046 silly placeDep ROOT https-proxy-agent@7.0.6 OK for: @mapbox/node-pre-gyp@2.0.3 want: ^7.0.5
1047 silly placeDep ROOT nopt@8.1.0 OK for: @mapbox/node-pre-gyp@2.0.3 want: ^8.0.0
1048 silly placeDep node_modules/@mapbox/node-pre-gyp semver@7.8.1 OK for: @mapbox/node-pre-gyp@2.0.3 want: ^7.5.3
1049 silly fetch manifest agent-base@^7.1.2
1050 silly packumentCache full:https://registry.npmjs.org/agent-base cache-miss
1051 silly fetch manifest abbrev@^3.0.0
1052 silly packumentCache full:https://registry.npmjs.org/abbrev cache-miss
1053 http cache https://registry.npmjs.org/agent-base 4ms (cache hit)
1054 silly packumentCache full:https://registry.npmjs.org/agent-base set size:72085 disposed:false
1055 http fetch GET 200 https://registry.npmjs.org/abbrev 42ms (cache miss)
1056 silly packumentCache full:https://registry.npmjs.org/abbrev set size:undefined disposed:false
1057 silly placeDep ROOT @edge-runtime/node-utils@2.3.0 OK for: @vercel/node@5.8.4 want: 2.3.0
1058 silly placeDep ROOT @edge-runtime/primitives@4.1.0 OK for: @vercel/node@5.8.4 want: 4.1.0
1059 silly placeDep ROOT @edge-runtime/vm@3.2.0 OK for: @vercel/node@5.8.4 want: 3.2.0
1060 silly placeDep ROOT @types/node@20.11.0 OK for: @vercel/node@5.8.4 want: 20.11.0
1061 silly placeDep ROOT @vercel/error-utils@2.1.0 OK for: @vercel/node@5.8.4 want: 2.1.0
1062 silly placeDep node_modules/@vercel/node async-listen@3.0.0 OK for: @vercel/node@5.8.4 want: 3.0.0
1063 silly placeDep ROOT edge-runtime@2.5.9 OK for: @vercel/node@5.8.4 want: 2.5.9
1064 silly placeDep node_modules/@vercel/node es-module-lexer@1.4.1 OK for: @vercel/node@5.8.4 want: 1.4.1
1065 silly placeDep node_modules/@vercel/node esbuild@0.27.0 OK for: @vercel/node@5.8.4 want: 0.27.0
1066 silly placeDep ROOT etag@1.8.1 OK for: @vercel/node@5.8.4 want: 1.8.1
1067 silly placeDep ROOT mime-types@2.1.35 OK for: @vercel/node@5.8.4 want: 2.1.35
1068 silly placeDep node_modules/@vercel/node node-fetch@2.6.9 OK for: @vercel/node@5.8.4 want: 2.6.9
1069 silly placeDep node_modules/@vercel/node path-to-regexp@6.1.0 OK for: @vercel/node@5.8.4 want: 6.1.0
1070 silly placeDep ROOT path-to-regexp-updated@6.3.0 OK for: @vercel/node@5.8.4 want: npm:path-to-regexp@6.3.0
1071 silly placeDep ROOT typescript@5.9.3 OK for: @vercel/node@5.8.4 want: npm:typescript@5.9.3
1072 silly placeDep node_modules/@vercel/node undici@5.28.4 OK for: @vercel/node@5.8.4 want: 5.28.4
1073 silly fetch manifest undici-types@~5.26.4
1074 silly packumentCache full:https://registry.npmjs.org/undici-types cache-miss
1075 silly fetch manifest mri@1.2.0
1076 silly packumentCache full:https://registry.npmjs.org/mri cache-miss
1077 silly fetch manifest pretty-ms@7.0.1
1078 silly packumentCache full:https://registry.npmjs.org/pretty-ms cache-miss
1079 silly fetch manifest time-span@4.0.0
1080 silly packumentCache full:https://registry.npmjs.org/time-span cache-miss
1081 silly fetch manifest picocolors@1.0.0
1082 silly packumentCache full:https://registry.npmjs.org/picocolors cache-miss
1083 silly fetch manifest signal-exit@4.0.2
1084 silly packumentCache full:https://registry.npmjs.org/signal-exit cache-miss
1085 silly fetch manifest async-listen@3.0.1
1086 silly packumentCache full:https://registry.npmjs.org/async-listen cache-hit
1087 silly fetch manifest @edge-runtime/format@2.2.1
1088 silly packumentCache full:https://registry.npmjs.org/@edge-runtime%2fformat cache-miss
1089 http cache https://registry.npmjs.org/signal-exit 6ms (cache hit)
1090 silly packumentCache full:https://registry.npmjs.org/signal-exit set size:53489 disposed:false
1091 silly fetch manifest @edge-runtime/ponyfill@2.4.2
1092 silly packumentCache full:https://registry.npmjs.org/@edge-runtime%2fponyfill cache-miss
1093 http cache https://registry.npmjs.org/picocolors 8ms (cache hit)
1094 silly packumentCache full:https://registry.npmjs.org/picocolors set size:16648 disposed:false
1095 silly fetch manifest mime-db@1.52.0
1096 silly packumentCache full:https://registry.npmjs.org/mime-db cache-miss
1097 http fetch GET 200 https://registry.npmjs.org/time-span 38ms (cache miss)
1098 silly packumentCache full:https://registry.npmjs.org/time-span set size:undefined disposed:false
1099 silly fetch manifest @fastify/busboy@^2.0.0
1100 silly packumentCache full:https://registry.npmjs.org/@fastify%2fbusboy cache-miss
1101 http fetch GET 200 https://registry.npmjs.org/mri 42ms (cache miss)
1102 silly packumentCache full:https://registry.npmjs.org/mri set size:undefined disposed:false
1103 http fetch GET 200 https://registry.npmjs.org/undici-types 44ms (cache miss)
1104 silly packumentCache full:https://registry.npmjs.org/undici-types set size:undefined disposed:false
1105 http fetch GET 200 https://registry.npmjs.org/pretty-ms 49ms (cache miss)
1106 silly packumentCache full:https://registry.npmjs.org/pretty-ms set size:undefined disposed:false
1107 http fetch GET 200 https://registry.npmjs.org/mime-db 41ms (cache miss)
1108 silly packumentCache full:https://registry.npmjs.org/mime-db set size:undefined disposed:false
1109 http fetch GET 200 https://registry.npmjs.org/@edge-runtime%2fponyfill 73ms (cache miss)
1110 silly packumentCache full:https://registry.npmjs.org/@edge-runtime%2fponyfill set size:undefined disposed:false
1111 http fetch GET 200 https://registry.npmjs.org/@fastify%2fbusboy 78ms (cache miss)
1112 silly packumentCache full:https://registry.npmjs.org/@fastify%2fbusboy set size:undefined disposed:false
1113 http fetch GET 200 https://registry.npmjs.org/@edge-runtime%2fformat 123ms (cache miss)
1114 silly packumentCache full:https://registry.npmjs.org/@edge-runtime%2fformat set size:undefined disposed:false
1115 silly placeDep ROOT undici-types@5.26.5 OK for: @types/node@20.11.0 want: ~5.26.4
1116 silly placeDep ROOT @bytecodealliance/preview2-shim@0.17.6 OK for: @vercel/python-analysis@0.11.1 want: 0.17.6
1117 silly placeDep ROOT @renovatebot/pep440@4.2.1 OK for: @vercel/python-analysis@0.11.1 want: 4.2.1
1118 silly placeDep node_modules/@vercel/python-analysis fs-extra@11.1.1 OK for: @vercel/python-analysis@0.11.1 want: 11.1.1
1119 silly placeDep ROOT js-yaml@4.1.1 OK for: @vercel/python-analysis@0.11.1 want: 4.1.1
1120 silly placeDep ROOT minimatch@10.1.1 OK for: @vercel/python-analysis@0.11.1 want: 10.1.1
1121 silly placeDep node_modules/@vercel/python-analysis zod@3.22.4 OK for: @vercel/python-analysis@0.11.1 want: 3.22.4
1122 silly fetch manifest argparse@^2.0.1
1123 silly packumentCache full:https://registry.npmjs.org/argparse cache-miss
1124 silly fetch manifest @isaacs/brace-expansion@^5.0.0
1125 silly packumentCache full:https://registry.npmjs.org/@isaacs%2fbrace-expansion cache-miss
1126 http fetch GET 200 https://registry.npmjs.org/argparse 42ms (cache miss)
1127 silly packumentCache full:https://registry.npmjs.org/argparse set size:undefined disposed:false
1128 http fetch GET 200 https://registry.npmjs.org/@isaacs%2fbrace-expansion 123ms (cache miss)
1129 silly packumentCache full:https://registry.npmjs.org/@isaacs%2fbrace-expansion set size:undefined disposed:false
1130 silly placeDep node_modules/@vercel/remix-builder path-to-regexp@6.1.0 OK for: @vercel/remix-builder@5.8.2 want: 6.1.0
1131 silly placeDep node_modules/@vercel/rust execa@5.1.1 OK for: @vercel/rust@1.2.0 want: 5
1132 silly fetch manifest onetime@^5.1.2
1133 silly packumentCache full:https://registry.npmjs.org/onetime cache-miss
1134 silly fetch manifest get-stream@^6.0.0
1135 silly packumentCache full:https://registry.npmjs.org/get-stream cache-miss
1136 silly fetch manifest cross-spawn@^7.0.3
1137 silly packumentCache full:https://registry.npmjs.org/cross-spawn cache-miss
1138 silly fetch manifest signal-exit@^3.0.3
1139 silly packumentCache full:https://registry.npmjs.org/signal-exit cache-hit
1140 silly fetch manifest npm-run-path@^4.0.1
1141 silly packumentCache full:https://registry.npmjs.org/npm-run-path cache-miss
1142 silly fetch manifest human-signals@^2.1.0
1143 silly packumentCache full:https://registry.npmjs.org/human-signals cache-miss
1144 http cache https://registry.npmjs.org/onetime 8ms (cache hit)
1145 silly packumentCache full:https://registry.npmjs.org/onetime set size:32314 disposed:false
1146 http cache https://registry.npmjs.org/npm-run-path 7ms (cache hit)
1147 silly packumentCache full:https://registry.npmjs.org/npm-run-path set size:33596 disposed:false
1148 http cache https://registry.npmjs.org/cross-spawn 9ms (cache hit)
1149 silly packumentCache full:https://registry.npmjs.org/cross-spawn set size:109066 disposed:false
1150 http cache https://registry.npmjs.org/get-stream 10ms (cache hit)
1151 silly packumentCache full:https://registry.npmjs.org/get-stream set size:57536 disposed:false
1152 http cache https://registry.npmjs.org/human-signals 9ms (cache hit)
1153 silly packumentCache full:https://registry.npmjs.org/human-signals set size:47322 disposed:false
1154 silly placeDep ROOT @vercel/gatsby-plugin-vercel-analytics@1.0.11 OK for: @vercel/static-build@2.9.30 want: 1.0.11
1155 silly placeDep ROOT @vercel/gatsby-plugin-vercel-builder@2.2.7 OK for: @vercel/static-build@2.9.30 want: 2.2.7
1156 silly fetch manifest web-vitals@0.2.4
1157 silly packumentCache full:https://registry.npmjs.org/web-vitals cache-miss
1158 silly fetch manifest @sinclair/typebox@0.25.24
1159 silly packumentCache full:https://registry.npmjs.org/@sinclair%2ftypebox cache-miss
1160 http fetch GET 200 https://registry.npmjs.org/web-vitals 38ms (cache miss)
1161 silly packumentCache full:https://registry.npmjs.org/web-vitals set size:undefined disposed:false
1162 http fetch GET 200 https://registry.npmjs.org/@sinclair%2ftypebox 96ms (cache miss)
1163 silly packumentCache full:https://registry.npmjs.org/@sinclair%2ftypebox set size:undefined disposed:false
1164 silly placeDep ROOT web-vitals@0.2.4 OK for: @vercel/gatsby-plugin-vercel-analytics@1.0.11 want: 0.2.4
1165 silly placeDep ROOT @sinclair/typebox@0.25.24 OK for: @vercel/gatsby-plugin-vercel-builder@2.2.7 want: 0.25.24
1166 silly placeDep node_modules/@vercel/gatsby-plugin-vercel-builder esbuild@0.27.0 OK for: @vercel/gatsby-plugin-vercel-builder@2.2.7 want: 0.27.0
1167 silly placeDep ROOT ajv@8.6.3 OK for: @vercel/static-config@3.3.0 want: 8.6.3
1168 silly placeDep ROOT json-schema-to-ts@1.6.4 OK for: @vercel/static-config@3.3.0 want: 1.6.4
1169 silly fetch manifest uri-js@^4.2.2
1170 silly packumentCache full:https://registry.npmjs.org/uri-js cache-miss
1171 silly fetch manifest fast-deep-equal@^3.1.1
1172 silly packumentCache full:https://registry.npmjs.org/fast-deep-equal cache-miss
1173 silly fetch manifest require-from-string@^2.0.2
1174 silly packumentCache full:https://registry.npmjs.org/require-from-string cache-miss
1175 silly fetch manifest json-schema-traverse@^1.0.0
1176 silly packumentCache full:https://registry.npmjs.org/json-schema-traverse cache-miss
1177 silly fetch manifest ts-toolbelt@^6.15.5
1178 silly packumentCache full:https://registry.npmjs.org/ts-toolbelt cache-miss
1179 silly fetch manifest @types/json-schema@^7.0.6
1180 silly packumentCache full:https://registry.npmjs.org/@types%2fjson-schema cache-miss
1181 http fetch GET 200 https://registry.npmjs.org/uri-js 43ms (cache miss)
1182 silly packumentCache full:https://registry.npmjs.org/uri-js set size:undefined disposed:false
1183 http fetch GET 200 https://registry.npmjs.org/require-from-string 45ms (cache miss)
1184 silly packumentCache full:https://registry.npmjs.org/require-from-string set size:undefined disposed:false
1185 http fetch GET 200 https://registry.npmjs.org/@types%2fjson-schema 50ms (cache miss)
1186 silly packumentCache full:https://registry.npmjs.org/@types%2fjson-schema set size:undefined disposed:false
1187 http fetch GET 200 https://registry.npmjs.org/json-schema-traverse 51ms (cache miss)
1188 silly packumentCache full:https://registry.npmjs.org/json-schema-traverse set size:undefined disposed:false
1189 http fetch GET 200 https://registry.npmjs.org/fast-deep-equal 54ms (cache miss)
1190 silly packumentCache full:https://registry.npmjs.org/fast-deep-equal set size:undefined disposed:false
1191 http fetch GET 200 https://registry.npmjs.org/ts-toolbelt 194ms (cache miss)
1192 silly packumentCache full:https://registry.npmjs.org/ts-toolbelt set size:undefined disposed:false
1193 silly placeDep ROOT fast-deep-equal@3.1.3 OK for: ajv@8.6.3 want: ^3.1.1
1194 silly placeDep ROOT json-schema-traverse@1.0.0 OK for: ajv@8.6.3 want: ^1.0.0
1195 silly placeDep ROOT require-from-string@2.0.2 OK for: ajv@8.6.3 want: ^2.0.2
1196 silly placeDep ROOT uri-js@4.4.1 OK for: ajv@8.6.3 want: ^4.2.2
1197 silly fetch manifest punycode@^2.1.0
1198 silly packumentCache full:https://registry.npmjs.org/punycode cache-miss
1199 http fetch GET 200 https://registry.npmjs.org/punycode 30ms (cache miss)
1200 silly packumentCache full:https://registry.npmjs.org/punycode set size:undefined disposed:false
1201 silly placeDep ROOT retry@0.13.1 OK for: async-retry@1.3.3 want: 0.13.1
1202 silly placeDep ROOT file-uri-to-path@1.0.0 OK for: bindings@1.5.0 want: 1.0.0
1203 silly placeDep ROOT readdirp@4.1.2 OK for: chokidar@4.0.0 want: ^4.0.1
1204 silly placeDep ROOT @edge-runtime/format@2.2.1 OK for: edge-runtime@2.5.9 want: 2.2.1
1205 silly placeDep ROOT @edge-runtime/ponyfill@2.4.2 OK for: edge-runtime@2.5.9 want: 2.4.2
1206 silly placeDep node_modules/edge-runtime async-listen@3.0.1 OK for: edge-runtime@2.5.9 want: 3.0.1
1207 silly placeDep ROOT mri@1.2.0 OK for: edge-runtime@2.5.9 want: 1.2.0
1208 silly placeDep node_modules/edge-runtime picocolors@1.0.0 OK for: edge-runtime@2.5.9 want: 1.0.0
1209 silly placeDep ROOT pretty-ms@7.0.1 OK for: edge-runtime@2.5.9 want: 7.0.1
1210 silly placeDep ROOT signal-exit@4.0.2 OK for: edge-runtime@2.5.9 want: 4.0.2
1211 silly placeDep ROOT time-span@4.0.0 OK for: edge-runtime@2.5.9 want: 4.0.0
1212 silly fetch manifest parse-ms@^2.1.0
1213 silly packumentCache full:https://registry.npmjs.org/parse-ms cache-miss
1214 silly fetch manifest convert-hrtime@^3.0.0
1215 silly packumentCache full:https://registry.npmjs.org/convert-hrtime cache-miss
1216 http fetch GET 200 https://registry.npmjs.org/parse-ms 33ms (cache miss)
1217 silly packumentCache full:https://registry.npmjs.org/parse-ms set size:undefined disposed:false
1218 http fetch GET 200 https://registry.npmjs.org/convert-hrtime 34ms (cache miss)
1219 silly packumentCache full:https://registry.npmjs.org/convert-hrtime set size:undefined disposed:false
1220 silly placeDep ROOT cross-spawn@7.0.6 OK for: execa@3.2.0 want: ^7.0.0
1221 silly placeDep ROOT get-stream@5.2.0 OK for: execa@3.2.0 want: ^5.0.0
1222 silly placeDep ROOT human-signals@1.1.1 OK for: execa@3.2.0 want: ^1.1.1
1223 silly placeDep ROOT is-stream@2.0.1 OK for: execa@3.2.0 want: ^2.0.0
1224 silly placeDep ROOT merge-stream@2.0.0 OK for: execa@3.2.0 want: ^2.0.0
1225 silly placeDep ROOT npm-run-path@4.0.1 OK for: execa@3.2.0 want: ^4.0.0
1226 silly placeDep ROOT onetime@5.1.2 OK for: execa@3.2.0 want: ^5.1.0
1227 silly placeDep ROOT p-finally@2.0.1 OK for: execa@3.2.0 want: ^2.0.0
1228 silly placeDep node_modules/execa signal-exit@3.0.7 OK for: execa@3.2.0 want: ^3.0.2
1229 silly placeDep ROOT strip-final-newline@2.0.0 OK for: execa@3.2.0 want: ^2.0.0
1230 silly fetch manifest which@^2.0.1
1231 silly packumentCache full:https://registry.npmjs.org/which cache-miss
1232 silly fetch manifest path-key@^3.1.0
1233 silly packumentCache full:https://registry.npmjs.org/path-key cache-miss
1234 silly fetch manifest shebang-command@^2.0.0
1235 silly packumentCache full:https://registry.npmjs.org/shebang-command cache-miss
1236 silly fetch manifest pump@^3.0.0
1237 silly packumentCache full:https://registry.npmjs.org/pump cache-miss
1238 silly fetch manifest path-key@^3.0.0
1239 silly packumentCache full:https://registry.npmjs.org/path-key cache-miss
1240 silly fetch manifest mimic-fn@^2.1.0
1241 silly packumentCache full:https://registry.npmjs.org/mimic-fn cache-miss
1242 http fetch GET 200 https://registry.npmjs.org/shebang-command 37ms (cache miss)
1243 silly packumentCache full:https://registry.npmjs.org/shebang-command set size:undefined disposed:false
1244 http fetch GET 200 https://registry.npmjs.org/path-key 39ms (cache miss)
1245 silly packumentCache full:https://registry.npmjs.org/path-key set size:undefined disposed:false
1246 http fetch GET 200 https://registry.npmjs.org/pump 41ms (cache miss)
1247 silly packumentCache full:https://registry.npmjs.org/pump set size:undefined disposed:false
1248 http fetch GET 200 https://registry.npmjs.org/which 45ms (cache miss)
1249 silly packumentCache full:https://registry.npmjs.org/which set size:undefined disposed:false
1250 http fetch GET 200 https://registry.npmjs.org/path-key 47ms (cache miss)
1251 silly packumentCache full:https://registry.npmjs.org/path-key set size:undefined disposed:false
1252 http fetch GET 200 https://registry.npmjs.org/mimic-fn 47ms (cache miss)
1253 silly packumentCache full:https://registry.npmjs.org/mimic-fn set size:undefined disposed:false
1254 silly placeDep ROOT path-key@3.1.1 OK for: cross-spawn@7.0.6 want: ^3.1.0
1255 silly placeDep ROOT shebang-command@2.0.0 OK for: cross-spawn@7.0.6 want: ^2.0.0
1256 silly placeDep ROOT which@2.0.2 OK for: cross-spawn@7.0.6 want: ^2.0.1
1257 silly fetch manifest shebang-regex@^3.0.0
1258 silly packumentCache full:https://registry.npmjs.org/shebang-regex cache-miss
1259 silly fetch manifest isexe@^2.0.0
1260 silly packumentCache full:https://registry.npmjs.org/isexe cache-miss
1261 http fetch GET 200 https://registry.npmjs.org/shebang-regex 29ms (cache miss)
1262 silly packumentCache full:https://registry.npmjs.org/shebang-regex set size:undefined disposed:false
1263 http fetch GET 200 https://registry.npmjs.org/isexe 34ms (cache miss)
1264 silly packumentCache full:https://registry.npmjs.org/isexe set size:undefined disposed:false
1265 silly placeDep ROOT asynckit@0.4.0 OK for: form-data@4.0.5 want: ^0.4.0
1266 silly placeDep ROOT combined-stream@1.0.8 OK for: form-data@4.0.5 want: ^1.0.8
1267 silly placeDep ROOT es-set-tostringtag@2.1.0 OK for: form-data@4.0.5 want: ^2.1.0
1268 silly placeDep ROOT hasown@2.0.3 OK for: form-data@4.0.5 want: ^2.0.2
1269 silly fetch manifest delayed-stream@~1.0.0
1270 silly packumentCache full:https://registry.npmjs.org/delayed-stream cache-miss
1271 silly fetch manifest es-errors@^1.3.0
1272 silly packumentCache full:https://registry.npmjs.org/es-errors cache-miss
1273 silly fetch manifest get-intrinsic@^1.2.6
1274 silly packumentCache full:https://registry.npmjs.org/get-intrinsic cache-miss
1275 silly fetch manifest has-tostringtag@^1.0.2
1276 silly packumentCache full:https://registry.npmjs.org/has-tostringtag cache-miss
1277 silly fetch manifest function-bind@^1.1.2
1278 silly packumentCache full:https://registry.npmjs.org/function-bind cache-miss
1279 http fetch GET 200 https://registry.npmjs.org/es-errors 42ms (cache miss)
1280 silly packumentCache full:https://registry.npmjs.org/es-errors set size:undefined disposed:false
1281 http fetch GET 200 https://registry.npmjs.org/delayed-stream 43ms (cache miss)
1282 silly packumentCache full:https://registry.npmjs.org/delayed-stream set size:undefined disposed:false
1283 http fetch GET 200 https://registry.npmjs.org/get-intrinsic 46ms (cache miss)
1284 silly packumentCache full:https://registry.npmjs.org/get-intrinsic set size:undefined disposed:false
1285 http fetch GET 200 https://registry.npmjs.org/function-bind 46ms (cache miss)
1286 silly packumentCache full:https://registry.npmjs.org/function-bind set size:undefined disposed:false
1287 http fetch GET 200 https://registry.npmjs.org/has-tostringtag 49ms (cache miss)
1288 silly packumentCache full:https://registry.npmjs.org/has-tostringtag set size:undefined disposed:false
1289 silly placeDep ROOT delayed-stream@1.0.0 OK for: combined-stream@1.0.8 want: ~1.0.0
1290 silly placeDep ROOT es-errors@1.3.0 OK for: es-set-tostringtag@2.1.0 want: ^1.3.0
1291 silly placeDep ROOT get-intrinsic@1.3.0 OK for: es-set-tostringtag@2.1.0 want: ^1.2.6
1292 silly placeDep ROOT has-tostringtag@1.0.2 OK for: es-set-tostringtag@2.1.0 want: ^1.0.2
1293 silly fetch manifest gopd@^1.2.0
1294 silly packumentCache full:https://registry.npmjs.org/gopd cache-miss
1295 silly fetch manifest get-proto@^1.0.1
1296 silly packumentCache full:https://registry.npmjs.org/get-proto cache-miss
1297 silly fetch manifest has-symbols@^1.1.0
1298 silly packumentCache full:https://registry.npmjs.org/has-symbols cache-miss
1299 silly fetch manifest es-object-atoms@^1.1.1
1300 silly packumentCache full:https://registry.npmjs.org/es-object-atoms cache-miss
1301 silly fetch manifest math-intrinsics@^1.1.0
1302 silly packumentCache full:https://registry.npmjs.org/math-intrinsics cache-miss
1303 silly fetch manifest es-define-property@^1.0.1
1304 silly packumentCache full:https://registry.npmjs.org/es-define-property cache-miss
1305 silly fetch manifest call-bind-apply-helpers@^1.0.2
1306 silly packumentCache full:https://registry.npmjs.org/call-bind-apply-helpers cache-miss
1307 http fetch GET 200 https://registry.npmjs.org/gopd 31ms (cache miss)
1308 silly packumentCache full:https://registry.npmjs.org/gopd set size:undefined disposed:false
1309 silly fetch manifest has-symbols@^1.0.3
1310 silly packumentCache full:https://registry.npmjs.org/has-symbols cache-miss
1311 http fetch GET 200 https://registry.npmjs.org/es-object-atoms 44ms (cache miss)
1312 silly packumentCache full:https://registry.npmjs.org/es-object-atoms set size:undefined disposed:false
1313 http fetch GET 200 https://registry.npmjs.org/call-bind-apply-helpers 45ms (cache miss)
1314 silly packumentCache full:https://registry.npmjs.org/call-bind-apply-helpers set size:undefined disposed:false
1315 http fetch GET 200 https://registry.npmjs.org/math-intrinsics 47ms (cache miss)
1316 silly packumentCache full:https://registry.npmjs.org/math-intrinsics set size:undefined disposed:false
1317 http fetch GET 200 https://registry.npmjs.org/has-symbols 48ms (cache miss)
1318 silly packumentCache full:https://registry.npmjs.org/has-symbols set size:undefined disposed:false
1319 http fetch GET 200 https://registry.npmjs.org/get-proto 49ms (cache miss)
1320 silly packumentCache full:https://registry.npmjs.org/get-proto set size:undefined disposed:false
1321 http fetch GET 200 https://registry.npmjs.org/has-symbols 34ms (cache miss)
1322 silly packumentCache full:https://registry.npmjs.org/has-symbols set size:undefined disposed:false
1323 http fetch GET 200 https://registry.npmjs.org/es-define-property 96ms (cache miss)
1324 silly packumentCache full:https://registry.npmjs.org/es-define-property set size:undefined disposed:false
1325 silly placeDep ROOT jsonfile@6.2.1 OK for: fs-extra@11.1.0 want: ^6.0.1
1326 silly placeDep ROOT universalify@2.0.1 OK for: fs-extra@11.1.0 want: ^2.0.0
1327 silly placeDep ROOT call-bind-apply-helpers@1.0.2 OK for: get-intrinsic@1.3.0 want: ^1.0.2
1328 silly placeDep ROOT es-define-property@1.0.1 OK for: get-intrinsic@1.3.0 want: ^1.0.1
1329 silly placeDep ROOT es-object-atoms@1.1.2 OK for: get-intrinsic@1.3.0 want: ^1.1.1
1330 silly placeDep ROOT function-bind@1.1.2 OK for: get-intrinsic@1.3.0 want: ^1.1.2
1331 silly placeDep ROOT get-proto@1.0.1 OK for: get-intrinsic@1.3.0 want: ^1.0.1
1332 silly placeDep ROOT gopd@1.2.0 OK for: get-intrinsic@1.3.0 want: ^1.2.0
1333 silly placeDep ROOT has-symbols@1.1.0 OK for: get-intrinsic@1.3.0 want: ^1.1.0
1334 silly placeDep ROOT math-intrinsics@1.1.0 OK for: get-intrinsic@1.3.0 want: ^1.1.0
1335 silly fetch manifest dunder-proto@^1.0.1
1336 silly packumentCache full:https://registry.npmjs.org/dunder-proto cache-miss
1337 http fetch GET 200 https://registry.npmjs.org/dunder-proto 40ms (cache miss)
1338 silly packumentCache full:https://registry.npmjs.org/dunder-proto set size:undefined disposed:false
1339 silly placeDep ROOT dunder-proto@1.0.1 OK for: get-proto@1.0.1 want: ^1.0.1
1340 silly placeDep ROOT pump@3.0.4 OK for: get-stream@5.2.0 want: ^3.0.0
1341 silly fetch manifest end-of-stream@^1.1.0
1342 silly packumentCache full:https://registry.npmjs.org/end-of-stream cache-miss
1343 silly fetch manifest once@^1.3.1
1344 silly packumentCache full:https://registry.npmjs.org/once cache-miss
1345 http cache https://registry.npmjs.org/end-of-stream 5ms (cache hit)
1346 silly packumentCache full:https://registry.npmjs.org/end-of-stream set size:27842 disposed:false
1347 http fetch GET 200 https://registry.npmjs.org/once 32ms (cache miss)
1348 silly packumentCache full:https://registry.npmjs.org/once set size:undefined disposed:false
1349 silly placeDep node_modules/glob minimatch@10.2.5 OK for: glob@13.0.6 want: ^10.2.2
1350 silly placeDep ROOT minipass@7.1.3 OK for: glob@13.0.6 want: ^7.1.3
1351 silly placeDep ROOT path-scurry@2.0.2 OK for: glob@13.0.6 want: ^2.0.2
1352 silly fetch manifest brace-expansion@^5.0.5
1353 silly packumentCache full:https://registry.npmjs.org/brace-expansion cache-miss
1354 silly fetch manifest lru-cache@^11.0.0
1355 silly packumentCache full:https://registry.npmjs.org/lru-cache cache-hit
1356 http fetch GET 200 https://registry.npmjs.org/brace-expansion 35ms (cache miss)
1357 silly packumentCache full:https://registry.npmjs.org/brace-expansion set size:undefined disposed:false
1358 silly placeDep ROOT agent-base@7.1.4 OK for: https-proxy-agent@7.0.6 want: ^7.1.2
1359 silly placeDep ROOT argparse@2.0.1 OK for: js-yaml@4.1.1 want: ^2.0.1
1360 silly placeDep ROOT @types/json-schema@7.0.15 OK for: json-schema-to-ts@1.6.4 want: ^7.0.6
1361 silly placeDep ROOT ts-toolbelt@6.15.5 OK for: json-schema-to-ts@1.6.4 want: ^6.15.5
1362 silly placeDep ROOT arg@4.1.0 OK for: micro@9.3.5-canary.3 want: 4.1.0
1363 silly placeDep ROOT content-type@1.0.4 OK for: micro@9.3.5-canary.3 want: 1.0.4
1364 silly placeDep ROOT raw-body@2.4.1 OK for: micro@9.3.5-canary.3 want: 2.4.1
1365 silly fetch manifest bytes@3.1.0
1366 silly packumentCache full:https://registry.npmjs.org/bytes cache-miss
1367 silly fetch manifest unpipe@1.0.0
1368 silly packumentCache full:https://registry.npmjs.org/unpipe cache-miss
1369 silly fetch manifest iconv-lite@0.4.24
1370 silly packumentCache full:https://registry.npmjs.org/iconv-lite cache-miss
1371 silly fetch manifest http-errors@1.7.3
1372 silly packumentCache full:https://registry.npmjs.org/http-errors cache-miss
1373 http fetch GET 200 https://registry.npmjs.org/bytes 30ms (cache miss)
1374 silly packumentCache full:https://registry.npmjs.org/bytes set size:undefined disposed:false
1375 http fetch GET 200 https://registry.npmjs.org/unpipe 40ms (cache miss)
1376 silly packumentCache full:https://registry.npmjs.org/unpipe set size:undefined disposed:false
1377 http fetch GET 200 https://registry.npmjs.org/http-errors 39ms (cache miss)
1378 silly packumentCache full:https://registry.npmjs.org/http-errors set size:undefined disposed:false
1379 http fetch GET 200 https://registry.npmjs.org/iconv-lite 42ms (cache miss)
1380 silly packumentCache full:https://registry.npmjs.org/iconv-lite set size:undefined disposed:false
1381 silly placeDep ROOT mime-db@1.52.0 OK for: mime-types@2.1.35 want: 1.52.0
1382 silly placeDep ROOT @isaacs/brace-expansion@5.0.1 OK for: minimatch@10.1.1 want: ^5.0.0
1383 silly fetch manifest @isaacs/balanced-match@^4.0.1
1384 silly packumentCache full:https://registry.npmjs.org/@isaacs%2fbalanced-match cache-miss
1385 http fetch GET 200 https://registry.npmjs.org/@isaacs%2fbalanced-match 91ms (cache miss)
1386 silly packumentCache full:https://registry.npmjs.org/@isaacs%2fbalanced-match set size:undefined disposed:false
1387 silly placeDep ROOT @isaacs/balanced-match@4.0.1 OK for: @isaacs/brace-expansion@5.0.1 want: ^4.0.1
1388 silly placeDep ROOT whatwg-url@5.0.0 OK for: node-fetch@2.6.7 want: ^5.0.0
1389 silly fetch manifest tr46@~0.0.3
1390 silly packumentCache full:https://registry.npmjs.org/tr46 cache-miss
1391 silly fetch manifest webidl-conversions@^3.0.0
1392 silly packumentCache full:https://registry.npmjs.org/webidl-conversions cache-miss
1393 http fetch GET 200 https://registry.npmjs.org/tr46 39ms (cache miss)
1394 silly packumentCache full:https://registry.npmjs.org/tr46 set size:undefined disposed:false
1395 http fetch GET 200 https://registry.npmjs.org/webidl-conversions 40ms (cache miss)
1396 silly packumentCache full:https://registry.npmjs.org/webidl-conversions set size:undefined disposed:false
1397 silly placeDep ROOT abbrev@3.0.1 OK for: nopt@8.1.0 want: ^3.0.0
1398 silly placeDep ROOT mimic-fn@2.1.0 OK for: onetime@5.1.2 want: ^2.1.0
1399 silly placeDep ROOT @oxc-transform/binding-android-arm-eabi@0.111.0 OK for: oxc-transform@0.111.0 want: 0.111.0
1400 silly placeDep ROOT @oxc-transform/binding-android-arm64@0.111.0 OK for: oxc-transform@0.111.0 want: 0.111.0
1401 silly placeDep ROOT @oxc-transform/binding-darwin-arm64@0.111.0 OK for: oxc-transform@0.111.0 want: 0.111.0
1402 silly placeDep ROOT @oxc-transform/binding-darwin-x64@0.111.0 OK for: oxc-transform@0.111.0 want: 0.111.0
1403 silly placeDep ROOT @oxc-transform/binding-freebsd-x64@0.111.0 OK for: oxc-transform@0.111.0 want: 0.111.0
1404 silly placeDep ROOT @oxc-transform/binding-linux-arm-gnueabihf@0.111.0 OK for: oxc-transform@0.111.0 want: 0.111.0
1405 silly placeDep ROOT @oxc-transform/binding-linux-arm-musleabihf@0.111.0 OK for: oxc-transform@0.111.0 want: 0.111.0
1406 silly placeDep ROOT @oxc-transform/binding-linux-arm64-gnu@0.111.0 OK for: oxc-transform@0.111.0 want: 0.111.0
1407 silly placeDep ROOT @oxc-transform/binding-linux-arm64-musl@0.111.0 OK for: oxc-transform@0.111.0 want: 0.111.0
1408 silly placeDep ROOT @oxc-transform/binding-linux-ppc64-gnu@0.111.0 OK for: oxc-transform@0.111.0 want: 0.111.0
1409 silly placeDep ROOT @oxc-transform/binding-linux-riscv64-gnu@0.111.0 OK for: oxc-transform@0.111.0 want: 0.111.0
1410 silly placeDep ROOT @oxc-transform/binding-linux-riscv64-musl@0.111.0 OK for: oxc-transform@0.111.0 want: 0.111.0
1411 silly placeDep ROOT @oxc-transform/binding-linux-s390x-gnu@0.111.0 OK for: oxc-transform@0.111.0 want: 0.111.0
1412 silly placeDep ROOT @oxc-transform/binding-linux-x64-gnu@0.111.0 OK for: oxc-transform@0.111.0 want: 0.111.0
1413 silly placeDep ROOT @oxc-transform/binding-linux-x64-musl@0.111.0 OK for: oxc-transform@0.111.0 want: 0.111.0
1414 silly placeDep ROOT @oxc-transform/binding-openharmony-arm64@0.111.0 OK for: oxc-transform@0.111.0 want: 0.111.0
1415 silly placeDep ROOT @oxc-transform/binding-wasm32-wasi@0.111.0 OK for: oxc-transform@0.111.0 want: 0.111.0
1416 silly placeDep ROOT @oxc-transform/binding-win32-arm64-msvc@0.111.0 OK for: oxc-transform@0.111.0 want: 0.111.0
1417 silly placeDep ROOT @oxc-transform/binding-win32-ia32-msvc@0.111.0 OK for: oxc-transform@0.111.0 want: 0.111.0
1418 silly placeDep ROOT @oxc-transform/binding-win32-x64-msvc@0.111.0 OK for: oxc-transform@0.111.0 want: 0.111.0
1419 silly fetch manifest @napi-rs/wasm-runtime@^1.1.1
1420 silly packumentCache full:https://registry.npmjs.org/@napi-rs%2fwasm-runtime cache-miss
1421 http fetch GET 200 https://registry.npmjs.org/@napi-rs%2fwasm-runtime 45ms (cache miss)
1422 silly packumentCache full:https://registry.npmjs.org/@napi-rs%2fwasm-runtime set size:undefined disposed:false
1423 silly placeDep ROOT @napi-rs/wasm-runtime@1.1.4 OK for: @oxc-transform/binding-wasm32-wasi@0.111.0 want: ^1.1.1
1424 silly fetch manifest @tybys/wasm-util@^0.10.1
1425 silly packumentCache full:https://registry.npmjs.org/@tybys%2fwasm-util cache-miss
1426 http fetch GET 200 https://registry.npmjs.org/@tybys%2fwasm-util 47ms (cache miss)
1427 silly packumentCache full:https://registry.npmjs.org/@tybys%2fwasm-util set size:undefined disposed:false
1428 silly placeDep ROOT @tybys/wasm-util@0.10.2 OK for: @napi-rs/wasm-runtime@1.1.4 want: ^0.10.1
1429 silly fetch manifest tslib@^2.4.0
1430 silly packumentCache full:https://registry.npmjs.org/tslib cache-miss
1431 http fetch GET 200 https://registry.npmjs.org/tslib 39ms (cache miss)
1432 silly packumentCache full:https://registry.npmjs.org/tslib set size:undefined disposed:false
1433 silly placeDep ROOT tslib@2.8.1 OK for: @tybys/wasm-util@0.10.2 want: ^2.4.0
1434 silly placeDep node_modules/path-scurry lru-cache@11.5.0 OK for: path-scurry@2.0.2 want: ^11.0.0
1435 silly placeDep ROOT parse-ms@2.1.0 OK for: pretty-ms@7.0.1 want: ^2.1.0
1436 silly placeDep ROOT http-proxy-agent@7.0.2 OK for: proxy-agent@6.4.0 want: ^7.0.1
1437 silly placeDep node_modules/proxy-agent lru-cache@7.18.3 OK for: proxy-agent@6.4.0 want: ^7.14.1
1438 silly placeDep ROOT pac-proxy-agent@7.2.0 OK for: proxy-agent@6.4.0 want: ^7.0.1
1439 silly placeDep ROOT proxy-from-env@1.1.0 OK for: proxy-agent@6.4.0 want: ^1.1.0
1440 silly placeDep ROOT socks-proxy-agent@8.0.5 OK for: proxy-agent@6.4.0 want: ^8.0.2
1441 silly fetch manifest get-uri@^6.0.1
1442 silly packumentCache full:https://registry.npmjs.org/get-uri cache-miss
1443 silly fetch manifest pac-resolver@^7.0.1
1444 silly packumentCache full:https://registry.npmjs.org/pac-resolver cache-miss
1445 silly fetch manifest socks-proxy-agent@^8.0.5
1446 silly packumentCache full:https://registry.npmjs.org/socks-proxy-agent cache-miss
1447 silly fetch manifest @tootallnate/quickjs-emscripten@^0.23.0
1448 silly packumentCache full:https://registry.npmjs.org/@tootallnate%2fquickjs-emscripten cache-miss
1449 silly fetch manifest socks@^2.8.3
1450 silly packumentCache full:https://registry.npmjs.org/socks cache-miss
1451 http cache https://registry.npmjs.org/socks-proxy-agent 6ms (cache hit)
1452 silly packumentCache full:https://registry.npmjs.org/socks-proxy-agent set size:104740 disposed:false
1453 http fetch GET 200 https://registry.npmjs.org/get-uri 45ms (cache miss)
1454 silly packumentCache full:https://registry.npmjs.org/get-uri set size:undefined disposed:false
1455 http fetch GET 200 https://registry.npmjs.org/pac-resolver 47ms (cache miss)
1456 silly packumentCache full:https://registry.npmjs.org/pac-resolver set size:undefined disposed:false
1457 http fetch GET 200 https://registry.npmjs.org/socks 49ms (cache miss)
1458 silly packumentCache full:https://registry.npmjs.org/socks set size:undefined disposed:false
1459 http fetch GET 200 https://registry.npmjs.org/@tootallnate%2fquickjs-emscripten 52ms (cache miss)
1460 silly packumentCache full:https://registry.npmjs.org/@tootallnate%2fquickjs-emscripten set size:undefined disposed:false
1461 silly placeDep ROOT @tootallnate/quickjs-emscripten@0.23.0 OK for: pac-proxy-agent@7.2.0 want: ^0.23.0
1462 silly placeDep ROOT get-uri@6.0.5 OK for: pac-proxy-agent@7.2.0 want: ^6.0.1
1463 silly placeDep ROOT pac-resolver@7.0.1 OK for: pac-proxy-agent@7.2.0 want: ^7.0.1
1464 silly fetch manifest basic-ftp@^5.0.2
1465 silly packumentCache full:https://registry.npmjs.org/basic-ftp cache-miss
1466 silly fetch manifest data-uri-to-buffer@^6.0.2
1467 silly packumentCache full:https://registry.npmjs.org/data-uri-to-buffer cache-miss
1468 silly fetch manifest netmask@^2.0.2
1469 silly packumentCache full:https://registry.npmjs.org/netmask cache-miss
1470 silly fetch manifest degenerator@^5.0.0
1471 silly packumentCache full:https://registry.npmjs.org/degenerator cache-miss
1472 http fetch GET 200 https://registry.npmjs.org/netmask 42ms (cache miss)
1473 silly packumentCache full:https://registry.npmjs.org/netmask set size:undefined disposed:false
1474 http fetch GET 200 https://registry.npmjs.org/data-uri-to-buffer 43ms (cache miss)
1475 silly packumentCache full:https://registry.npmjs.org/data-uri-to-buffer set size:undefined disposed:false
1476 http fetch GET 200 https://registry.npmjs.org/degenerator 44ms (cache miss)
1477 silly packumentCache full:https://registry.npmjs.org/degenerator set size:undefined disposed:false
1478 http fetch GET 200 https://registry.npmjs.org/basic-ftp 48ms (cache miss)
1479 silly packumentCache full:https://registry.npmjs.org/basic-ftp set size:undefined disposed:false
1480 silly placeDep ROOT basic-ftp@5.3.1 OK for: get-uri@6.0.5 want: ^5.0.2
1481 silly placeDep ROOT data-uri-to-buffer@6.0.2 OK for: get-uri@6.0.5 want: ^6.0.2
1482 silly placeDep ROOT degenerator@5.0.1 OK for: pac-resolver@7.0.1 want: ^5.0.0
1483 silly placeDep ROOT netmask@2.1.1 OK for: pac-resolver@7.0.1 want: ^2.0.2
1484 silly fetch manifest esprima@^4.0.1
1485 silly packumentCache full:https://registry.npmjs.org/esprima cache-miss
1486 silly fetch manifest ast-types@^0.13.4
1487 silly packumentCache full:https://registry.npmjs.org/ast-types cache-miss
1488 silly fetch manifest escodegen@^2.1.0
1489 silly packumentCache full:https://registry.npmjs.org/escodegen cache-miss
1490 http fetch GET 200 https://registry.npmjs.org/esprima 32ms (cache miss)
1491 silly packumentCache full:https://registry.npmjs.org/esprima set size:undefined disposed:false
1492 http fetch GET 200 https://registry.npmjs.org/escodegen 38ms (cache miss)
1493 silly packumentCache full:https://registry.npmjs.org/escodegen set size:undefined disposed:false
1494 http fetch GET 200 https://registry.npmjs.org/ast-types 49ms (cache miss)
1495 silly packumentCache full:https://registry.npmjs.org/ast-types set size:undefined disposed:false
1496 silly placeDep ROOT ast-types@0.13.4 OK for: degenerator@5.0.1 want: ^0.13.4
1497 silly placeDep ROOT escodegen@2.1.0 OK for: degenerator@5.0.1 want: ^2.1.0
1498 silly placeDep ROOT esprima@4.0.1 OK for: degenerator@5.0.1 want: ^4.0.1
1499 silly fetch manifest estraverse@^5.2.0
1500 silly packumentCache full:https://registry.npmjs.org/estraverse cache-miss
1501 silly fetch manifest esutils@^2.0.2
1502 silly packumentCache full:https://registry.npmjs.org/esutils cache-miss
1503 silly fetch manifest source-map@~0.6.1
1504 silly packumentCache full:https://registry.npmjs.org/source-map cache-miss
1505 http fetch GET 200 https://registry.npmjs.org/estraverse 29ms (cache miss)
1506 silly packumentCache full:https://registry.npmjs.org/estraverse set size:undefined disposed:false
1507 http fetch GET 200 https://registry.npmjs.org/esutils 42ms (cache miss)
1508 silly packumentCache full:https://registry.npmjs.org/esutils set size:undefined disposed:false
1509 http fetch GET 200 https://registry.npmjs.org/source-map 43ms (cache miss)
1510 silly packumentCache full:https://registry.npmjs.org/source-map set size:undefined disposed:false
1511 silly placeDep ROOT estraverse@5.3.0 OK for: escodegen@2.1.0 want: ^5.2.0
1512 silly placeDep ROOT esutils@2.0.3 OK for: escodegen@2.1.0 want: ^2.0.2
1513 silly placeDep ROOT source-map@0.6.1 OK for: escodegen@2.1.0 want: ~0.6.1
1514 silly placeDep ROOT end-of-stream@1.4.5 OK for: pump@3.0.4 want: ^1.1.0
1515 silly placeDep ROOT once@1.4.0 OK for: pump@3.0.4 want: ^1.3.1
1516 silly fetch manifest once@^1.4.0
1517 silly packumentCache full:https://registry.npmjs.org/once cache-miss
1518 silly fetch manifest wrappy@1
1519 silly packumentCache full:https://registry.npmjs.org/wrappy cache-miss
1520 http cache https://registry.npmjs.org/once 5ms (cache hit)
1521 silly packumentCache full:https://registry.npmjs.org/once set size:11752 disposed:false
1522 http fetch GET 200 https://registry.npmjs.org/wrappy 33ms (cache miss)
1523 silly packumentCache full:https://registry.npmjs.org/wrappy set size:undefined disposed:false
1524 silly placeDep ROOT wrappy@1.0.2 OK for: once@1.4.0 want: 1
1525 silly placeDep ROOT bytes@3.1.0 OK for: raw-body@2.4.1 want: 3.1.0
1526 silly placeDep ROOT http-errors@1.7.3 OK for: raw-body@2.4.1 want: 1.7.3
1527 silly placeDep ROOT iconv-lite@0.4.24 OK for: raw-body@2.4.1 want: 0.4.24
1528 silly placeDep ROOT unpipe@1.0.0 OK for: raw-body@2.4.1 want: 1.0.0
1529 silly fetch manifest depd@~1.1.2
1530 silly packumentCache full:https://registry.npmjs.org/depd cache-miss
1531 silly fetch manifest inherits@2.0.4
1532 silly packumentCache full:https://registry.npmjs.org/inherits cache-miss
1533 silly fetch manifest statuses@>= 1.5.0 < 2
1534 silly packumentCache full:https://registry.npmjs.org/statuses cache-miss
1535 silly fetch manifest toidentifier@1.0.0
1536 silly packumentCache full:https://registry.npmjs.org/toidentifier cache-miss
1537 silly fetch manifest setprototypeof@1.1.1
1538 silly packumentCache full:https://registry.npmjs.org/setprototypeof cache-miss
1539 silly fetch manifest safer-buffer@>= 2.1.2 < 3
1540 silly packumentCache full:https://registry.npmjs.org/safer-buffer cache-miss
1541 http fetch GET 200 https://registry.npmjs.org/safer-buffer 55ms (cache miss)
1542 silly packumentCache full:https://registry.npmjs.org/safer-buffer set size:undefined disposed:false
1543 http fetch GET 200 https://registry.npmjs.org/toidentifier 57ms (cache miss)
1544 silly packumentCache full:https://registry.npmjs.org/toidentifier set size:undefined disposed:false
1545 http fetch GET 200 https://registry.npmjs.org/depd 62ms (cache miss)
1546 silly packumentCache full:https://registry.npmjs.org/depd set size:undefined disposed:false
1547 http fetch GET 200 https://registry.npmjs.org/inherits 65ms (cache miss)
1548 silly packumentCache full:https://registry.npmjs.org/inherits set size:undefined disposed:false
1549 http fetch GET 200 https://registry.npmjs.org/setprototypeof 65ms (cache miss)
1550 silly packumentCache full:https://registry.npmjs.org/setprototypeof set size:undefined disposed:false
1551 http fetch GET 200 https://registry.npmjs.org/statuses 67ms (cache miss)
1552 silly packumentCache full:https://registry.npmjs.org/statuses set size:undefined disposed:false
1553 silly placeDep ROOT depd@1.1.2 OK for: http-errors@1.7.3 want: ~1.1.2
1554 silly placeDep ROOT inherits@2.0.4 OK for: http-errors@1.7.3 want: 2.0.4
1555 silly placeDep ROOT setprototypeof@1.1.1 OK for: http-errors@1.7.3 want: 1.1.1
1556 silly placeDep ROOT statuses@1.5.0 OK for: http-errors@1.7.3 want: >= 1.5.0 < 2
1557 silly placeDep ROOT toidentifier@1.0.0 OK for: http-errors@1.7.3 want: 1.0.0
1558 silly placeDep ROOT safer-buffer@2.1.2 OK for: iconv-lite@0.4.24 want: >= 2.1.2 < 3
1559 silly placeDep ROOT @oxc-project/types@0.110.0 OK for: rolldown@1.0.0-rc.1 want: =0.110.0
1560 silly placeDep ROOT @rolldown/binding-android-arm64@1.0.0-rc.1 OK for: rolldown@1.0.0-rc.1 want: 1.0.0-rc.1
1561 silly placeDep ROOT @rolldown/binding-darwin-arm64@1.0.0-rc.1 OK for: rolldown@1.0.0-rc.1 want: 1.0.0-rc.1
1562 silly placeDep ROOT @rolldown/binding-darwin-x64@1.0.0-rc.1 OK for: rolldown@1.0.0-rc.1 want: 1.0.0-rc.1
1563 silly placeDep ROOT @rolldown/binding-freebsd-x64@1.0.0-rc.1 OK for: rolldown@1.0.0-rc.1 want: 1.0.0-rc.1
1564 silly placeDep ROOT @rolldown/binding-linux-arm-gnueabihf@1.0.0-rc.1 OK for: rolldown@1.0.0-rc.1 want: 1.0.0-rc.1
1565 silly placeDep ROOT @rolldown/binding-linux-arm64-gnu@1.0.0-rc.1 OK for: rolldown@1.0.0-rc.1 want: 1.0.0-rc.1
1566 silly placeDep ROOT @rolldown/binding-linux-arm64-musl@1.0.0-rc.1 OK for: rolldown@1.0.0-rc.1 want: 1.0.0-rc.1
1567 silly placeDep ROOT @rolldown/binding-linux-x64-gnu@1.0.0-rc.1 OK for: rolldown@1.0.0-rc.1 want: 1.0.0-rc.1
1568 silly placeDep ROOT @rolldown/binding-linux-x64-musl@1.0.0-rc.1 OK for: rolldown@1.0.0-rc.1 want: 1.0.0-rc.1
1569 silly placeDep ROOT @rolldown/binding-openharmony-arm64@1.0.0-rc.1 OK for: rolldown@1.0.0-rc.1 want: 1.0.0-rc.1
1570 silly placeDep ROOT @rolldown/binding-wasm32-wasi@1.0.0-rc.1 OK for: rolldown@1.0.0-rc.1 want: 1.0.0-rc.1
1571 silly placeDep ROOT @rolldown/binding-win32-arm64-msvc@1.0.0-rc.1 OK for: rolldown@1.0.0-rc.1 want: 1.0.0-rc.1
1572 silly placeDep ROOT @rolldown/binding-win32-x64-msvc@1.0.0-rc.1 OK for: rolldown@1.0.0-rc.1 want: 1.0.0-rc.1
1573 silly placeDep node_modules/rolldown @rolldown/pluginutils@1.0.0-rc.1 OK for: rolldown@1.0.0-rc.1 want: 1.0.0-rc.1
1574 silly placeDep ROOT @vercel/sandbox@1.9.0 OK for: sandbox@2.5.6 want: 1.9.0
1575 silly fetch manifest zod@3.24.4
1576 silly packumentCache full:https://registry.npmjs.org/zod cache-miss
1577 silly fetch manifest undici@^7.16.0
1578 silly packumentCache full:https://registry.npmjs.org/undici cache-miss
1579 silly fetch manifest jsonlines@0.1.1
1580 silly packumentCache full:https://registry.npmjs.org/jsonlines cache-miss
1581 silly fetch manifest tar-stream@3.1.7
1582 silly packumentCache full:https://registry.npmjs.org/tar-stream cache-miss
1583 silly fetch manifest @vercel/oidc@3.2.0
1584 silly packumentCache full:https://registry.npmjs.org/@vercel%2foidc cache-miss
1585 http cache https://registry.npmjs.org/zod 47ms (cache hit)
1586 silly packumentCache full:https://registry.npmjs.org/zod set size:3552562 disposed:false
1587 http cache https://registry.npmjs.org/undici 83ms (cache hit)
1588 silly packumentCache full:https://registry.npmjs.org/undici set size:1396737 disposed:false
1589 http fetch GET 200 https://registry.npmjs.org/jsonlines 102ms (cache miss)
1590 silly packumentCache full:https://registry.npmjs.org/jsonlines set size:undefined disposed:false
1591 http fetch GET 200 https://registry.npmjs.org/@vercel%2foidc 98ms (cache miss)
1592 silly packumentCache full:https://registry.npmjs.org/@vercel%2foidc set size:undefined disposed:false
1593 http fetch GET 200 https://registry.npmjs.org/tar-stream 106ms (cache miss)
1594 silly packumentCache full:https://registry.npmjs.org/tar-stream set size:undefined disposed:false
1595 silly placeDep ROOT @vercel/oidc@3.2.0 OK for: @vercel/sandbox@1.9.0 want: 3.2.0
1596 silly placeDep ROOT jsonlines@0.1.1 OK for: @vercel/sandbox@1.9.0 want: 0.1.1
1597 silly placeDep ROOT tar-stream@3.1.7 OK for: @vercel/sandbox@1.9.0 want: 3.1.7
1598 silly placeDep node_modules/@vercel/sandbox undici@7.26.0 OK for: @vercel/sandbox@1.9.0 want: ^7.16.0
1599 silly placeDep node_modules/@vercel/sandbox xdg-app-paths@5.1.0 OK for: @vercel/sandbox@1.9.0 want: 5.1.0
1600 silly placeDep node_modules/@vercel/sandbox zod@3.24.4 OK for: @vercel/sandbox@1.9.0 want: 3.24.4
1601 silly fetch manifest b4a@^1.6.4
1602 silly packumentCache full:https://registry.npmjs.org/b4a cache-miss
1603 silly fetch manifest streamx@^2.15.0
1604 silly packumentCache full:https://registry.npmjs.org/streamx cache-miss
1605 silly fetch manifest fast-fifo@^1.2.0
1606 silly packumentCache full:https://registry.npmjs.org/fast-fifo cache-miss
1607 http fetch GET 200 https://registry.npmjs.org/b4a 37ms (cache miss)
1608 silly packumentCache full:https://registry.npmjs.org/b4a set size:undefined disposed:false
1609 http fetch GET 200 https://registry.npmjs.org/fast-fifo 38ms (cache miss)
1610 silly packumentCache full:https://registry.npmjs.org/fast-fifo set size:undefined disposed:false
1611 http fetch GET 200 https://registry.npmjs.org/streamx 50ms (cache miss)
1612 silly packumentCache full:https://registry.npmjs.org/streamx set size:undefined disposed:false
1613 silly placeDep ROOT shebang-regex@3.0.0 OK for: shebang-command@2.0.0 want: ^3.0.0
1614 silly placeDep ROOT socks@2.8.9 OK for: socks-proxy-agent@8.0.5 want: ^2.8.3
1615 silly fetch manifest ip-address@^10.1.1
1616 silly packumentCache full:https://registry.npmjs.org/ip-address cache-miss
1617 silly fetch manifest smart-buffer@^4.2.0
1618 silly packumentCache full:https://registry.npmjs.org/smart-buffer cache-miss
1619 http fetch GET 200 https://registry.npmjs.org/ip-address 56ms (cache miss)
1620 silly packumentCache full:https://registry.npmjs.org/ip-address set size:undefined disposed:false
1621 http fetch GET 200 https://registry.npmjs.org/smart-buffer 61ms (cache miss)
1622 silly packumentCache full:https://registry.npmjs.org/smart-buffer set size:undefined disposed:false
1623 silly placeDep ROOT ip-address@10.2.0 OK for: socks@2.8.9 want: ^10.1.1
1624 silly placeDep ROOT smart-buffer@4.2.0 OK for: socks@2.8.9 want: ^4.2.0
1625 silly placeDep ROOT cookie-es@2.0.1 OK for: srvx@0.8.9 want: ^2.0.0
1626 silly placeDep ROOT any-promise@1.3.0 OK for: stream-to-promise@2.2.0 want: ~1.3.0
1627 silly placeDep node_modules/stream-to-promise end-of-stream@1.1.0 OK for: stream-to-promise@2.2.0 want: ~1.1.0
1628 silly placeDep ROOT stream-to-array@2.3.0 OK for: stream-to-promise@2.2.0 want: ~2.3.0
1629 silly fetch manifest once@~1.3.0
1630 silly packumentCache full:https://registry.npmjs.org/once cache-hit
1631 silly placeDep ROOT @isaacs/fs-minipass@4.0.1 OK for: tar@7.5.7 want: ^4.0.0
1632 silly placeDep ROOT chownr@3.0.0 OK for: tar@7.5.7 want: ^3.0.0
1633 silly placeDep ROOT minizlib@3.1.0 OK for: tar@7.5.7 want: ^3.1.0
1634 silly placeDep node_modules/tar yallist@5.0.0 OK for: tar@7.5.7 want: ^5.0.0
1635 silly placeDep ROOT b4a@1.8.1 OK for: tar-stream@3.1.7 want: ^1.6.4
1636 silly placeDep ROOT fast-fifo@1.3.2 OK for: tar-stream@3.1.7 want: ^1.2.0
1637 silly placeDep ROOT streamx@2.25.0 OK for: tar-stream@3.1.7 want: ^2.15.0
1638 silly fetch manifest events-universal@^1.0.0
1639 silly packumentCache full:https://registry.npmjs.org/events-universal cache-miss
1640 silly fetch manifest text-decoder@^1.1.0
1641 silly packumentCache full:https://registry.npmjs.org/text-decoder cache-miss
1642 http fetch GET 200 https://registry.npmjs.org/events-universal 34ms (cache miss)
1643 silly packumentCache full:https://registry.npmjs.org/events-universal set size:undefined disposed:false
1644 http fetch GET 200 https://registry.npmjs.org/text-decoder 45ms (cache miss)
1645 silly packumentCache full:https://registry.npmjs.org/text-decoder set size:undefined disposed:false
1646 silly placeDep ROOT events-universal@1.0.1 OK for: streamx@2.25.0 want: ^1.0.0
1647 silly placeDep ROOT text-decoder@1.2.7 OK for: streamx@2.25.0 want: ^1.1.0
1648 silly fetch manifest bare-events@^2.7.0
1649 silly packumentCache full:https://registry.npmjs.org/bare-events cache-miss
1650 http fetch GET 200 https://registry.npmjs.org/bare-events 37ms (cache miss)
1651 silly packumentCache full:https://registry.npmjs.org/bare-events set size:undefined disposed:false
1652 silly placeDep ROOT bare-events@2.8.3 OK for: events-universal@1.0.1 want: ^2.7.0
1653 silly placeDep ROOT convert-hrtime@3.0.0 OK for: time-span@4.0.0 want: ^3.0.0
1654 silly placeDep ROOT @ts-morph/common@0.11.1 OK for: ts-morph@12.0.0 want: ~0.11.0
1655 silly placeDep ROOT code-block-writer@10.1.1 OK for: ts-morph@12.0.0 want: ^10.1.1
1656 silly fetch manifest mkdirp@^1.0.4
1657 silly packumentCache full:https://registry.npmjs.org/mkdirp cache-miss
1658 silly fetch manifest fast-glob@^3.2.7
1659 silly packumentCache full:https://registry.npmjs.org/fast-glob cache-miss
1660 silly fetch manifest minimatch@^3.0.4
1661 silly packumentCache full:https://registry.npmjs.org/minimatch cache-hit
1662 silly fetch manifest path-browserify@^1.0.1
1663 silly packumentCache full:https://registry.npmjs.org/path-browserify cache-miss
1664 http fetch GET 200 https://registry.npmjs.org/mkdirp 46ms (cache miss)
1665 silly packumentCache full:https://registry.npmjs.org/mkdirp set size:undefined disposed:false
1666 http fetch GET 200 https://registry.npmjs.org/path-browserify 49ms (cache miss)
1667 silly packumentCache full:https://registry.npmjs.org/path-browserify set size:undefined disposed:false
1668 http fetch GET 200 https://registry.npmjs.org/fast-glob 54ms (cache miss)
1669 silly packumentCache full:https://registry.npmjs.org/fast-glob set size:undefined disposed:false
1670 silly placeDep ROOT fast-glob@3.3.3 OK for: @ts-morph/common@0.11.1 want: ^3.2.7
1671 silly placeDep node_modules/@ts-morph/common minimatch@3.1.5 OK for: @ts-morph/common@0.11.1 want: ^3.0.4
1672 silly placeDep ROOT mkdirp@1.0.4 OK for: @ts-morph/common@0.11.1 want: ^1.0.4
1673 silly placeDep ROOT path-browserify@1.0.1 OK for: @ts-morph/common@0.11.1 want: ^1.0.1
1674 silly fetch manifest @nodelib/fs.stat@^2.0.2
1675 silly packumentCache full:https://registry.npmjs.org/@nodelib%2ffs.stat cache-miss
1676 silly fetch manifest @nodelib/fs.walk@^1.2.3
1677 silly packumentCache full:https://registry.npmjs.org/@nodelib%2ffs.walk cache-miss
1678 silly fetch manifest glob-parent@^5.1.2
1679 silly packumentCache full:https://registry.npmjs.org/glob-parent cache-miss
1680 silly fetch manifest merge2@^1.3.0
1681 silly packumentCache full:https://registry.npmjs.org/merge2 cache-miss
1682 silly fetch manifest micromatch@^4.0.8
1683 silly packumentCache full:https://registry.npmjs.org/micromatch cache-miss
1684 silly fetch manifest brace-expansion@^1.1.7
1685 silly packumentCache full:https://registry.npmjs.org/brace-expansion cache-miss
1686 http cache https://registry.npmjs.org/brace-expansion 12ms (cache hit)
1687 silly packumentCache full:https://registry.npmjs.org/brace-expansion set size:70127 disposed:false
1688 http fetch GET 200 https://registry.npmjs.org/merge2 54ms (cache miss)
1689 silly packumentCache full:https://registry.npmjs.org/merge2 set size:undefined disposed:false
1690 http fetch GET 200 https://registry.npmjs.org/@nodelib%2ffs.stat 56ms (cache miss)
1691 silly packumentCache full:https://registry.npmjs.org/@nodelib%2ffs.stat set size:undefined disposed:false
1692 http fetch GET 200 https://registry.npmjs.org/micromatch 60ms (cache miss)
1693 silly packumentCache full:https://registry.npmjs.org/micromatch set size:undefined disposed:false
1694 http fetch GET 200 https://registry.npmjs.org/@nodelib%2ffs.walk 65ms (cache miss)
1695 silly packumentCache full:https://registry.npmjs.org/@nodelib%2ffs.walk set size:undefined disposed:false
1696 http fetch GET 200 https://registry.npmjs.org/glob-parent 108ms (cache miss)
1697 silly packumentCache full:https://registry.npmjs.org/glob-parent set size:undefined disposed:false
1698 silly placeDep ROOT @nodelib/fs.stat@2.0.5 OK for: fast-glob@3.3.3 want: ^2.0.2
1699 silly placeDep ROOT @nodelib/fs.walk@1.2.8 OK for: fast-glob@3.3.3 want: ^1.2.3
1700 silly placeDep ROOT glob-parent@5.1.2 OK for: fast-glob@3.3.3 want: ^5.1.2
1701 silly placeDep ROOT merge2@1.4.1 OK for: fast-glob@3.3.3 want: ^1.3.0
1702 silly placeDep ROOT micromatch@4.0.8 OK for: fast-glob@3.3.3 want: ^4.0.8
1703 silly fetch manifest fastq@^1.6.0
1704 silly packumentCache full:https://registry.npmjs.org/fastq cache-miss
1705 silly fetch manifest @nodelib/fs.scandir@2.1.5
1706 silly packumentCache full:https://registry.npmjs.org/@nodelib%2ffs.scandir cache-miss
1707 silly fetch manifest is-glob@^4.0.1
1708 silly packumentCache full:https://registry.npmjs.org/is-glob cache-miss
1709 silly fetch manifest braces@^3.0.3
1710 silly packumentCache full:https://registry.npmjs.org/braces cache-miss
1711 silly fetch manifest picomatch@^2.3.1
1712 silly packumentCache full:https://registry.npmjs.org/picomatch cache-miss
1713 http cache https://registry.npmjs.org/picomatch 7ms (cache hit)
1714 silly packumentCache full:https://registry.npmjs.org/picomatch set size:126376 disposed:false
1715 http fetch GET 200 https://registry.npmjs.org/is-glob 44ms (cache miss)
1716 silly packumentCache full:https://registry.npmjs.org/is-glob set size:undefined disposed:false
1717 http fetch GET 200 https://registry.npmjs.org/fastq 48ms (cache miss)
1718 silly packumentCache full:https://registry.npmjs.org/fastq set size:undefined disposed:false
1719 http fetch GET 200 https://registry.npmjs.org/braces 49ms (cache miss)
1720 silly packumentCache full:https://registry.npmjs.org/braces set size:undefined disposed:false
1721 http fetch GET 200 https://registry.npmjs.org/@nodelib%2ffs.scandir 58ms (cache miss)
1722 silly packumentCache full:https://registry.npmjs.org/@nodelib%2ffs.scandir set size:undefined disposed:false
1723 silly placeDep ROOT @nodelib/fs.scandir@2.1.5 OK for: @nodelib/fs.walk@1.2.8 want: 2.1.5
1724 silly placeDep ROOT fastq@1.20.1 OK for: @nodelib/fs.walk@1.2.8 want: ^1.6.0
1725 silly fetch manifest run-parallel@^1.1.9
1726 silly packumentCache full:https://registry.npmjs.org/run-parallel cache-miss
1727 silly fetch manifest reusify@^1.0.4
1728 silly packumentCache full:https://registry.npmjs.org/reusify cache-miss
1729 http fetch GET 200 https://registry.npmjs.org/run-parallel 36ms (cache miss)
1730 silly packumentCache full:https://registry.npmjs.org/run-parallel set size:undefined disposed:false
1731 http fetch GET 200 https://registry.npmjs.org/reusify 37ms (cache miss)
1732 silly packumentCache full:https://registry.npmjs.org/reusify set size:undefined disposed:false
1733 silly placeDep ROOT run-parallel@1.2.0 OK for: @nodelib/fs.scandir@2.1.5 want: ^1.1.9
1734 silly fetch manifest queue-microtask@^1.2.2
1735 silly packumentCache full:https://registry.npmjs.org/queue-microtask cache-miss
1736 http fetch GET 200 https://registry.npmjs.org/queue-microtask 33ms (cache miss)
1737 silly packumentCache full:https://registry.npmjs.org/queue-microtask set size:undefined disposed:false
1738 silly placeDep ROOT reusify@1.1.0 OK for: fastq@1.20.1 want: ^1.0.4
1739 silly placeDep ROOT is-glob@4.0.3 OK for: glob-parent@5.1.2 want: ^4.0.1
1740 silly fetch manifest is-extglob@^2.1.1
1741 silly packumentCache full:https://registry.npmjs.org/is-extglob cache-miss
1742 http fetch GET 200 https://registry.npmjs.org/is-extglob 34ms (cache miss)
1743 silly packumentCache full:https://registry.npmjs.org/is-extglob set size:undefined disposed:false
1744 silly placeDep ROOT is-extglob@2.1.1 OK for: is-glob@4.0.3 want: ^2.1.1
1745 silly placeDep ROOT braces@3.0.3 OK for: micromatch@4.0.8 want: ^3.0.3
1746 silly placeDep node_modules/micromatch picomatch@2.3.2 OK for: micromatch@4.0.8 want: ^2.3.1
1747 silly fetch manifest fill-range@^7.1.1
1748 silly packumentCache full:https://registry.npmjs.org/fill-range cache-miss
1749 http fetch GET 200 https://registry.npmjs.org/fill-range 36ms (cache miss)
1750 silly packumentCache full:https://registry.npmjs.org/fill-range set size:undefined disposed:false
1751 silly placeDep ROOT fill-range@7.1.1 OK for: braces@3.0.3 want: ^7.1.1
1752 silly fetch manifest to-regex-range@^5.0.1
1753 silly packumentCache full:https://registry.npmjs.org/to-regex-range cache-miss
1754 http fetch GET 200 https://registry.npmjs.org/to-regex-range 61ms (cache miss)
1755 silly packumentCache full:https://registry.npmjs.org/to-regex-range set size:undefined disposed:false
1756 silly placeDep ROOT to-regex-range@5.0.1 OK for: fill-range@7.1.1 want: ^5.0.1
1757 silly fetch manifest is-number@^7.0.0
1758 silly packumentCache full:https://registry.npmjs.org/is-number cache-miss
1759 http fetch GET 200 https://registry.npmjs.org/is-number 34ms (cache miss)
1760 silly packumentCache full:https://registry.npmjs.org/is-number set size:undefined disposed:false
1761 silly placeDep ROOT queue-microtask@1.2.3 OK for: run-parallel@1.2.0 want: ^1.2.2
1762 silly placeDep ROOT is-number@7.0.0 OK for: to-regex-range@5.0.1 want: ^7.0.0
1763 silly placeDep node_modules/tsx esbuild@0.27.7 OK for: tsx@4.21.0 want: ~0.27.0
1764 silly placeDep ROOT get-tsconfig@4.14.0 OK for: tsx@4.21.0 want: ^4.7.5
1765 silly fetch manifest @esbuild/aix-ppc64@0.27.7
1766 silly packumentCache full:https://registry.npmjs.org/@esbuild%2faix-ppc64 cache-hit
1767 silly fetch manifest @esbuild/linux-arm@0.27.7
1768 silly packumentCache full:https://registry.npmjs.org/@esbuild%2flinux-arm cache-hit
1769 silly fetch manifest @esbuild/linux-x64@0.27.7
1770 silly packumentCache full:https://registry.npmjs.org/@esbuild%2flinux-x64 cache-hit
1771 silly fetch manifest @esbuild/sunos-x64@0.27.7
1772 silly packumentCache full:https://registry.npmjs.org/@esbuild%2fsunos-x64 cache-hit
1773 silly fetch manifest @esbuild/win32-x64@0.27.7
1774 silly packumentCache full:https://registry.npmjs.org/@esbuild%2fwin32-x64 cache-hit
1775 silly fetch manifest @esbuild/darwin-x64@0.27.7
1776 silly packumentCache full:https://registry.npmjs.org/@esbuild%2fdarwin-x64 cache-hit
1777 silly fetch manifest @esbuild/linux-ia32@0.27.7
1778 silly packumentCache full:https://registry.npmjs.org/@esbuild%2flinux-ia32 cache-hit
1779 silly fetch manifest @esbuild/netbsd-x64@0.27.7
1780 silly packumentCache full:https://registry.npmjs.org/@esbuild%2fnetbsd-x64 cache-hit
1781 silly fetch manifest @esbuild/win32-ia32@0.27.7
1782 silly packumentCache full:https://registry.npmjs.org/@esbuild%2fwin32-ia32 cache-hit
1783 silly fetch manifest @esbuild/android-arm@0.27.7
1784 silly packumentCache full:https://registry.npmjs.org/@esbuild%2fandroid-arm cache-hit
1785 silly fetch manifest @esbuild/android-x64@0.27.7
1786 silly packumentCache full:https://registry.npmjs.org/@esbuild%2fandroid-x64 cache-hit
1787 silly fetch manifest @esbuild/freebsd-x64@0.27.7
1788 silly packumentCache full:https://registry.npmjs.org/@esbuild%2ffreebsd-x64 cache-hit
1789 silly fetch manifest @esbuild/linux-arm64@0.27.7
1790 silly packumentCache full:https://registry.npmjs.org/@esbuild%2flinux-arm64 cache-hit
1791 silly fetch manifest @esbuild/linux-ppc64@0.27.7
1792 silly packumentCache full:https://registry.npmjs.org/@esbuild%2flinux-ppc64 cache-hit
1793 silly fetch manifest @esbuild/linux-s390x@0.27.7
1794 silly packumentCache full:https://registry.npmjs.org/@esbuild%2flinux-s390x cache-hit
1795 silly fetch manifest @esbuild/openbsd-x64@0.27.7
1796 silly packumentCache full:https://registry.npmjs.org/@esbuild%2fopenbsd-x64 cache-hit
1797 silly fetch manifest @esbuild/win32-arm64@0.27.7
1798 silly packumentCache full:https://registry.npmjs.org/@esbuild%2fwin32-arm64 cache-hit
1799 silly fetch manifest @esbuild/darwin-arm64@0.27.7
1800 silly packumentCache full:https://registry.npmjs.org/@esbuild%2fdarwin-arm64 cache-hit
1801 silly fetch manifest @esbuild/netbsd-arm64@0.27.7
1802 silly packumentCache full:https://registry.npmjs.org/@esbuild%2fnetbsd-arm64 cache-miss
1803 silly fetch manifest @esbuild/android-arm64@0.27.7
1804 silly packumentCache full:https://registry.npmjs.org/@esbuild%2fandroid-arm64 cache-hit
1805 silly fetch manifest @esbuild/freebsd-arm64@0.27.7
1806 silly packumentCache full:https://registry.npmjs.org/@esbuild%2ffreebsd-arm64 cache-hit
1807 silly fetch manifest @esbuild/linux-loong64@0.27.7
1808 silly packumentCache full:https://registry.npmjs.org/@esbuild%2flinux-loong64 cache-hit
1809 silly fetch manifest @esbuild/linux-riscv64@0.27.7
1810 silly packumentCache full:https://registry.npmjs.org/@esbuild%2flinux-riscv64 cache-hit
1811 silly fetch manifest @esbuild/openbsd-arm64@0.27.7
1812 silly packumentCache full:https://registry.npmjs.org/@esbuild%2fopenbsd-arm64 cache-miss
1813 silly fetch manifest @esbuild/linux-mips64el@0.27.7
1814 silly packumentCache full:https://registry.npmjs.org/@esbuild%2flinux-mips64el cache-hit
1815 silly fetch manifest @esbuild/openharmony-arm64@0.27.7
1816 silly packumentCache full:https://registry.npmjs.org/@esbuild%2fopenharmony-arm64 cache-miss
1817 silly fetch manifest resolve-pkg-maps@^1.0.0
1818 silly packumentCache full:https://registry.npmjs.org/resolve-pkg-maps cache-miss
1819 http cache https://registry.npmjs.org/@esbuild%2fnetbsd-arm64 7ms (cache hit)
1820 silly packumentCache full:https://registry.npmjs.org/@esbuild%2fnetbsd-arm64 set size:40794 disposed:false
1821 http cache https://registry.npmjs.org/@esbuild%2fopenharmony-arm64 6ms (cache hit)
1822 silly packumentCache full:https://registry.npmjs.org/@esbuild%2fopenharmony-arm64 set size:29494 disposed:false
1823 http cache https://registry.npmjs.org/@esbuild%2fopenbsd-arm64 7ms (cache hit)
1824 silly packumentCache full:https://registry.npmjs.org/@esbuild%2fopenbsd-arm64 set size:46111 disposed:false
1825 http fetch GET 200 https://registry.npmjs.org/resolve-pkg-maps 41ms (cache miss)
1826 silly packumentCache full:https://registry.npmjs.org/resolve-pkg-maps set size:undefined disposed:false
1827 silly placeDep ROOT resolve-pkg-maps@1.0.0 OK for: get-tsconfig@4.14.0 want: ^1.0.0
1828 silly placeDep ROOT punycode@2.3.1 OK for: uri-js@4.4.1 want: ^2.1.0
1829 silly placeDep ROOT tr46@0.0.3 OK for: whatwg-url@5.0.0 want: ~0.0.3
1830 silly placeDep ROOT webidl-conversions@3.0.1 OK for: whatwg-url@5.0.0 want: ^3.0.0
1831 silly placeDep ROOT isexe@2.0.0 OK for: which@2.0.2 want: ^2.0.0
1832 silly placeDep ROOT os-paths@4.4.0 OK for: xdg-app-paths@5.5.1 want: ^4.0.1
1833 silly placeDep ROOT xdg-portable@7.3.0 OK for: xdg-app-paths@5.5.1 want: ^7.2.0
1834 silly placeDep ROOT yauzl@2.10.0 OK for: yauzl-promise@2.1.3 want: ^2.9.1
1835 silly placeDep ROOT yauzl-clone@1.0.4 OK for: yauzl-promise@2.1.3 want: ^1.0.4
1836 silly fetch manifest fd-slicer@~1.1.0
1837 silly packumentCache full:https://registry.npmjs.org/fd-slicer cache-miss
1838 silly fetch manifest buffer-crc32@~0.2.3
1839 silly packumentCache full:https://registry.npmjs.org/buffer-crc32 cache-miss
1840 silly fetch manifest events-intercept@^2.0.0
1841 silly packumentCache full:https://registry.npmjs.org/events-intercept cache-miss
1842 http fetch GET 200 https://registry.npmjs.org/fd-slicer 39ms (cache miss)
1843 silly packumentCache full:https://registry.npmjs.org/fd-slicer set size:undefined disposed:false
1844 http fetch GET 200 https://registry.npmjs.org/buffer-crc32 46ms (cache miss)
1845 silly packumentCache full:https://registry.npmjs.org/buffer-crc32 set size:undefined disposed:false
1846 http fetch GET 200 https://registry.npmjs.org/events-intercept 88ms (cache miss)
1847 silly packumentCache full:https://registry.npmjs.org/events-intercept set size:undefined disposed:false
1848 silly placeDep ROOT buffer-crc32@0.2.13 OK for: yauzl@2.10.0 want: ~0.2.3
1849 silly placeDep ROOT fd-slicer@1.1.0 OK for: yauzl@2.10.0 want: ~1.1.0
1850 silly fetch manifest pend@~1.2.0
1851 silly packumentCache full:https://registry.npmjs.org/pend cache-miss
1852 http fetch GET 200 https://registry.npmjs.org/pend 35ms (cache miss)
1853 silly packumentCache full:https://registry.npmjs.org/pend set size:undefined disposed:false
1854 silly placeDep ROOT pend@1.2.0 OK for: fd-slicer@1.1.0 want: ~1.2.0
1855 silly placeDep ROOT events-intercept@2.0.0 OK for: yauzl-clone@1.0.4 want: ^2.0.0
1856 silly placeDep ROOT brace-expansion@1.1.14 OK for: minimatch@3.1.5 want: ^1.1.7
1857 silly fetch manifest concat-map@0.0.1
1858 silly packumentCache full:https://registry.npmjs.org/concat-map cache-miss
1859 silly fetch manifest balanced-match@^1.0.0
1860 silly packumentCache full:https://registry.npmjs.org/balanced-match cache-miss
1861 http fetch GET 200 https://registry.npmjs.org/balanced-match 40ms (cache miss)
1862 silly packumentCache full:https://registry.npmjs.org/balanced-match set size:undefined disposed:false
1863 http fetch GET 200 https://registry.npmjs.org/concat-map 77ms (cache miss)
1864 silly packumentCache full:https://registry.npmjs.org/concat-map set size:undefined disposed:false
1865 silly placeDep ROOT balanced-match@1.0.2 OK for: brace-expansion@1.1.14 want: ^1.0.0
1866 silly placeDep ROOT concat-map@0.0.1 OK for: brace-expansion@1.1.14 want: 0.0.1
1867 silly placeDep node_modules/@vercel/fun/node_modules/debug ms@2.1.2 OK for: debug@4.3.4 want: 2.1.2
1868 silly placeDep node_modules/@vercel/fun lru-cache@6.0.0 OK for: semver@7.5.4 want: ^6.0.0
1869 silly fetch manifest yallist@^4.0.0
1870 silly packumentCache full:https://registry.npmjs.org/yallist cache-hit
1871 silly placeDep node_modules/@vercel/fun yallist@4.0.0 OK for: lru-cache@6.0.0 want: ^4.0.0
1872 silly placeDep node_modules/@vercel/gatsby-plugin-vercel-builder @esbuild/aix-ppc64@0.27.0 OK for: esbuild@0.27.0 want: 0.27.0
1873 silly placeDep node_modules/@vercel/gatsby-plugin-vercel-builder @esbuild/android-arm@0.27.0 OK for: esbuild@0.27.0 want: 0.27.0
1874 silly placeDep node_modules/@vercel/gatsby-plugin-vercel-builder @esbuild/android-arm64@0.27.0 OK for: esbuild@0.27.0 want: 0.27.0
1875 silly placeDep node_modules/@vercel/gatsby-plugin-vercel-builder @esbuild/android-x64@0.27.0 OK for: esbuild@0.27.0 want: 0.27.0
1876 silly placeDep node_modules/@vercel/gatsby-plugin-vercel-builder @esbuild/darwin-arm64@0.27.0 OK for: esbuild@0.27.0 want: 0.27.0
1877 silly placeDep node_modules/@vercel/gatsby-plugin-vercel-builder @esbuild/darwin-x64@0.27.0 OK for: esbuild@0.27.0 want: 0.27.0
1878 silly placeDep node_modules/@vercel/gatsby-plugin-vercel-builder @esbuild/freebsd-arm64@0.27.0 OK for: esbuild@0.27.0 want: 0.27.0
1879 silly placeDep node_modules/@vercel/gatsby-plugin-vercel-builder @esbuild/freebsd-x64@0.27.0 OK for: esbuild@0.27.0 want: 0.27.0
1880 silly placeDep node_modules/@vercel/gatsby-plugin-vercel-builder @esbuild/linux-arm@0.27.0 OK for: esbuild@0.27.0 want: 0.27.0
1881 silly placeDep node_modules/@vercel/gatsby-plugin-vercel-builder @esbuild/linux-arm64@0.27.0 OK for: esbuild@0.27.0 want: 0.27.0
1882 silly placeDep node_modules/@vercel/gatsby-plugin-vercel-builder @esbuild/linux-ia32@0.27.0 OK for: esbuild@0.27.0 want: 0.27.0
1883 silly placeDep node_modules/@vercel/gatsby-plugin-vercel-builder @esbuild/linux-loong64@0.27.0 OK for: esbuild@0.27.0 want: 0.27.0
1884 silly placeDep node_modules/@vercel/gatsby-plugin-vercel-builder @esbuild/linux-mips64el@0.27.0 OK for: esbuild@0.27.0 want: 0.27.0
1885 silly placeDep node_modules/@vercel/gatsby-plugin-vercel-builder @esbuild/linux-ppc64@0.27.0 OK for: esbuild@0.27.0 want: 0.27.0
1886 silly placeDep node_modules/@vercel/gatsby-plugin-vercel-builder @esbuild/linux-riscv64@0.27.0 OK for: esbuild@0.27.0 want: 0.27.0
1887 silly placeDep node_modules/@vercel/gatsby-plugin-vercel-builder @esbuild/linux-s390x@0.27.0 OK for: esbuild@0.27.0 want: 0.27.0
1888 silly placeDep node_modules/@vercel/gatsby-plugin-vercel-builder @esbuild/linux-x64@0.27.0 OK for: esbuild@0.27.0 want: 0.27.0
1889 silly placeDep ROOT @esbuild/netbsd-arm64@0.27.0 OK for: esbuild@0.27.0 want: 0.27.0
1890 silly placeDep node_modules/@vercel/gatsby-plugin-vercel-builder @esbuild/netbsd-x64@0.27.0 OK for: esbuild@0.27.0 want: 0.27.0
1891 silly placeDep ROOT @esbuild/openbsd-arm64@0.27.0 OK for: esbuild@0.27.0 want: 0.27.0
1892 silly placeDep node_modules/@vercel/gatsby-plugin-vercel-builder @esbuild/openbsd-x64@0.27.0 OK for: esbuild@0.27.0 want: 0.27.0
1893 silly placeDep ROOT @esbuild/openharmony-arm64@0.27.0 OK for: esbuild@0.27.0 want: 0.27.0
1894 silly placeDep node_modules/@vercel/gatsby-plugin-vercel-builder @esbuild/sunos-x64@0.27.0 OK for: esbuild@0.27.0 want: 0.27.0
1895 silly placeDep node_modules/@vercel/gatsby-plugin-vercel-builder @esbuild/win32-arm64@0.27.0 OK for: esbuild@0.27.0 want: 0.27.0
1896 silly placeDep node_modules/@vercel/gatsby-plugin-vercel-builder @esbuild/win32-ia32@0.27.0 OK for: esbuild@0.27.0 want: 0.27.0
1897 silly placeDep node_modules/@vercel/gatsby-plugin-vercel-builder @esbuild/win32-x64@0.27.0 OK for: esbuild@0.27.0 want: 0.27.0
1898 silly placeDep node_modules/@vercel/node @esbuild/aix-ppc64@0.27.0 OK for: esbuild@0.27.0 want: 0.27.0
1899 silly placeDep node_modules/@vercel/node @esbuild/android-arm@0.27.0 OK for: esbuild@0.27.0 want: 0.27.0
1900 silly placeDep node_modules/@vercel/node @esbuild/android-arm64@0.27.0 OK for: esbuild@0.27.0 want: 0.27.0
1901 silly placeDep node_modules/@vercel/node @esbuild/android-x64@0.27.0 OK for: esbuild@0.27.0 want: 0.27.0
1902 silly placeDep node_modules/@vercel/node @esbuild/darwin-arm64@0.27.0 OK for: esbuild@0.27.0 want: 0.27.0
1903 silly placeDep node_modules/@vercel/node @esbuild/darwin-x64@0.27.0 OK for: esbuild@0.27.0 want: 0.27.0
1904 silly placeDep node_modules/@vercel/node @esbuild/freebsd-arm64@0.27.0 OK for: esbuild@0.27.0 want: 0.27.0
1905 silly placeDep node_modules/@vercel/node @esbuild/freebsd-x64@0.27.0 OK for: esbuild@0.27.0 want: 0.27.0
1906 silly placeDep node_modules/@vercel/node @esbuild/linux-arm@0.27.0 OK for: esbuild@0.27.0 want: 0.27.0
1907 silly placeDep node_modules/@vercel/node @esbuild/linux-arm64@0.27.0 OK for: esbuild@0.27.0 want: 0.27.0
1908 silly placeDep node_modules/@vercel/node @esbuild/linux-ia32@0.27.0 OK for: esbuild@0.27.0 want: 0.27.0
1909 silly placeDep node_modules/@vercel/node @esbuild/linux-loong64@0.27.0 OK for: esbuild@0.27.0 want: 0.27.0
1910 silly placeDep node_modules/@vercel/node @esbuild/linux-mips64el@0.27.0 OK for: esbuild@0.27.0 want: 0.27.0
1911 silly placeDep node_modules/@vercel/node @esbuild/linux-ppc64@0.27.0 OK for: esbuild@0.27.0 want: 0.27.0
1912 silly placeDep node_modules/@vercel/node @esbuild/linux-riscv64@0.27.0 OK for: esbuild@0.27.0 want: 0.27.0
1913 silly placeDep node_modules/@vercel/node @esbuild/linux-s390x@0.27.0 OK for: esbuild@0.27.0 want: 0.27.0
1914 silly placeDep node_modules/@vercel/node @esbuild/linux-x64@0.27.0 OK for: esbuild@0.27.0 want: 0.27.0
1915 silly placeDep node_modules/@vercel/node @esbuild/netbsd-x64@0.27.0 OK for: esbuild@0.27.0 want: 0.27.0
1916 silly placeDep node_modules/@vercel/node @esbuild/openbsd-x64@0.27.0 OK for: esbuild@0.27.0 want: 0.27.0
1917 silly placeDep node_modules/@vercel/node @esbuild/sunos-x64@0.27.0 OK for: esbuild@0.27.0 want: 0.27.0
1918 silly placeDep node_modules/@vercel/node @esbuild/win32-arm64@0.27.0 OK for: esbuild@0.27.0 want: 0.27.0
1919 silly placeDep node_modules/@vercel/node @esbuild/win32-ia32@0.27.0 OK for: esbuild@0.27.0 want: 0.27.0
1920 silly placeDep node_modules/@vercel/node @esbuild/win32-x64@0.27.0 OK for: esbuild@0.27.0 want: 0.27.0
1921 silly placeDep ROOT @fastify/busboy@2.1.1 OK for: undici@5.28.4 want: ^2.0.0
1922 silly placeDep node_modules/@vercel/rust get-stream@6.0.1 OK for: execa@5.1.1 want: ^6.0.0
1923 silly placeDep node_modules/@vercel/rust human-signals@2.1.0 OK for: execa@5.1.1 want: ^2.1.0
1924 silly placeDep node_modules/@vercel/rust signal-exit@3.0.7 OK for: execa@5.1.1 want: ^3.0.3
1925 silly placeDep node_modules/glob brace-expansion@5.0.6 OK for: minimatch@10.2.5 want: ^5.0.5
1926 silly fetch manifest balanced-match@^4.0.2
1927 silly packumentCache full:https://registry.npmjs.org/balanced-match cache-miss
1928 http cache https://registry.npmjs.org/balanced-match 4ms (cache hit)
1929 silly packumentCache full:https://registry.npmjs.org/balanced-match set size:39082 disposed:false
1930 silly placeDep node_modules/glob balanced-match@4.0.4 OK for: brace-expansion@5.0.6 want: ^4.0.2
1931 silly placeDep node_modules/stream-to-promise once@1.3.3 OK for: end-of-stream@1.1.0 want: ~1.3.0
1932 silly placeDep node_modules/tsx @esbuild/aix-ppc64@0.27.7 OK for: esbuild@0.27.7 want: 0.27.7
1933 silly placeDep node_modules/tsx @esbuild/android-arm@0.27.7 OK for: esbuild@0.27.7 want: 0.27.7
1934 silly placeDep node_modules/tsx @esbuild/android-arm64@0.27.7 OK for: esbuild@0.27.7 want: 0.27.7
1935 silly placeDep node_modules/tsx @esbuild/android-x64@0.27.7 OK for: esbuild@0.27.7 want: 0.27.7
1936 silly placeDep node_modules/tsx @esbuild/darwin-arm64@0.27.7 OK for: esbuild@0.27.7 want: 0.27.7
1937 silly placeDep node_modules/tsx @esbuild/darwin-x64@0.27.7 OK for: esbuild@0.27.7 want: 0.27.7
1938 silly placeDep node_modules/tsx @esbuild/freebsd-arm64@0.27.7 OK for: esbuild@0.27.7 want: 0.27.7
1939 silly placeDep node_modules/tsx @esbuild/freebsd-x64@0.27.7 OK for: esbuild@0.27.7 want: 0.27.7
1940 silly placeDep node_modules/tsx @esbuild/linux-arm@0.27.7 OK for: esbuild@0.27.7 want: 0.27.7
1941 silly placeDep node_modules/tsx @esbuild/linux-arm64@0.27.7 OK for: esbuild@0.27.7 want: 0.27.7
1942 silly placeDep node_modules/tsx @esbuild/linux-ia32@0.27.7 OK for: esbuild@0.27.7 want: 0.27.7
1943 silly placeDep node_modules/tsx @esbuild/linux-loong64@0.27.7 OK for: esbuild@0.27.7 want: 0.27.7
1944 silly placeDep node_modules/tsx @esbuild/linux-mips64el@0.27.7 OK for: esbuild@0.27.7 want: 0.27.7
1945 silly placeDep node_modules/tsx @esbuild/linux-ppc64@0.27.7 OK for: esbuild@0.27.7 want: 0.27.7
1946 silly placeDep node_modules/tsx @esbuild/linux-riscv64@0.27.7 OK for: esbuild@0.27.7 want: 0.27.7
1947 silly placeDep node_modules/tsx @esbuild/linux-s390x@0.27.7 OK for: esbuild@0.27.7 want: 0.27.7
1948 silly placeDep node_modules/tsx @esbuild/linux-x64@0.27.7 OK for: esbuild@0.27.7 want: 0.27.7
1949 silly placeDep node_modules/tsx @esbuild/netbsd-arm64@0.27.7 OK for: esbuild@0.27.7 want: 0.27.7
1950 silly placeDep node_modules/tsx @esbuild/netbsd-x64@0.27.7 OK for: esbuild@0.27.7 want: 0.27.7
1951 silly placeDep node_modules/tsx @esbuild/openbsd-arm64@0.27.7 OK for: esbuild@0.27.7 want: 0.27.7
1952 silly placeDep node_modules/tsx @esbuild/openbsd-x64@0.27.7 OK for: esbuild@0.27.7 want: 0.27.7
1953 silly placeDep node_modules/tsx @esbuild/openharmony-arm64@0.27.7 OK for: esbuild@0.27.7 want: 0.27.7
1954 silly placeDep node_modules/tsx @esbuild/sunos-x64@0.27.7 OK for: esbuild@0.27.7 want: 0.27.7
1955 silly placeDep node_modules/tsx @esbuild/win32-arm64@0.27.7 OK for: esbuild@0.27.7 want: 0.27.7
1956 silly placeDep node_modules/tsx @esbuild/win32-ia32@0.27.7 OK for: esbuild@0.27.7 want: 0.27.7
1957 silly placeDep node_modules/tsx @esbuild/win32-x64@0.27.7 OK for: esbuild@0.27.7 want: 0.27.7
1958 silly placeDep node_modules/vercel @esbuild/aix-ppc64@0.27.0 OK for: esbuild@0.27.0 want: 0.27.0
1959 silly placeDep node_modules/vercel @esbuild/android-arm@0.27.0 OK for: esbuild@0.27.0 want: 0.27.0
1960 silly placeDep node_modules/vercel @esbuild/android-arm64@0.27.0 OK for: esbuild@0.27.0 want: 0.27.0
1961 silly placeDep node_modules/vercel @esbuild/android-x64@0.27.0 OK for: esbuild@0.27.0 want: 0.27.0
1962 silly placeDep node_modules/vercel @esbuild/darwin-arm64@0.27.0 OK for: esbuild@0.27.0 want: 0.27.0
1963 silly placeDep node_modules/vercel @esbuild/darwin-x64@0.27.0 OK for: esbuild@0.27.0 want: 0.27.0
1964 silly placeDep node_modules/vercel @esbuild/freebsd-arm64@0.27.0 OK for: esbuild@0.27.0 want: 0.27.0
1965 silly placeDep node_modules/vercel @esbuild/freebsd-x64@0.27.0 OK for: esbuild@0.27.0 want: 0.27.0
1966 silly placeDep node_modules/vercel @esbuild/linux-arm@0.27.0 OK for: esbuild@0.27.0 want: 0.27.0
1967 silly placeDep node_modules/vercel @esbuild/linux-arm64@0.27.0 OK for: esbuild@0.27.0 want: 0.27.0
1968 silly placeDep node_modules/vercel @esbuild/linux-ia32@0.27.0 OK for: esbuild@0.27.0 want: 0.27.0
1969 silly placeDep node_modules/vercel @esbuild/linux-loong64@0.27.0 OK for: esbuild@0.27.0 want: 0.27.0
1970 silly placeDep node_modules/vercel @esbuild/linux-mips64el@0.27.0 OK for: esbuild@0.27.0 want: 0.27.0
1971 silly placeDep node_modules/vercel @esbuild/linux-ppc64@0.27.0 OK for: esbuild@0.27.0 want: 0.27.0
1972 silly placeDep node_modules/vercel @esbuild/linux-riscv64@0.27.0 OK for: esbuild@0.27.0 want: 0.27.0
1973 silly placeDep node_modules/vercel @esbuild/linux-s390x@0.27.0 OK for: esbuild@0.27.0 want: 0.27.0
1974 silly placeDep node_modules/vercel @esbuild/linux-x64@0.27.0 OK for: esbuild@0.27.0 want: 0.27.0
1975 silly placeDep node_modules/vercel @esbuild/netbsd-x64@0.27.0 OK for: esbuild@0.27.0 want: 0.27.0
1976 silly placeDep node_modules/vercel @esbuild/openbsd-x64@0.27.0 OK for: esbuild@0.27.0 want: 0.27.0
1977 silly placeDep node_modules/vercel @esbuild/sunos-x64@0.27.0 OK for: esbuild@0.27.0 want: 0.27.0
1978 silly placeDep node_modules/vercel @esbuild/win32-arm64@0.27.0 OK for: esbuild@0.27.0 want: 0.27.0
1979 silly placeDep node_modules/vercel @esbuild/win32-ia32@0.27.0 OK for: esbuild@0.27.0 want: 0.27.0
1980 silly placeDep node_modules/vercel @esbuild/win32-x64@0.27.0 OK for: esbuild@0.27.0 want: 0.27.0
1981 silly reify moves {}
1982 silly audit bulk request {
1982 silly audit   '@babel/code-frame': [ '7.29.7' ],
1982 silly audit   '@babel/compat-data': [ '7.29.7' ],
1982 silly audit   '@babel/core': [ '7.29.7' ],
1982 silly audit   '@babel/generator': [ '7.29.7' ],
1982 silly audit   '@babel/helper-compilation-targets': [ '7.29.7' ],
1982 silly audit   '@babel/helper-globals': [ '7.29.7' ],
1982 silly audit   '@babel/helper-module-imports': [ '7.29.7' ],
1982 silly audit   '@babel/helper-module-transforms': [ '7.29.7' ],
1982 silly audit   '@babel/helper-plugin-utils': [ '7.29.7' ],
1982 silly audit   '@babel/helper-string-parser': [ '7.29.7' ],
1982 silly audit   '@babel/helper-validator-identifier': [ '7.29.7' ],
1982 silly audit   '@babel/helper-validator-option': [ '7.29.7' ],
1982 silly audit   '@babel/helpers': [ '7.29.7' ],
1982 silly audit   '@babel/parser': [ '7.29.7' ],
1982 silly audit   '@babel/plugin-transform-react-jsx-self': [ '7.29.7' ],
1982 silly audit   '@babel/plugin-transform-react-jsx-source': [ '7.29.7' ],
1982 silly audit   '@babel/template': [ '7.29.7' ],
1982 silly audit   '@babel/traverse': [ '7.29.7' ],
1982 silly audit   '@babel/types': [ '7.29.7' ],
1982 silly audit   '@esbuild/aix-ppc64': [ '0.21.5', '0.27.0', '0.27.7' ],
1982 silly audit   '@esbuild/android-arm': [ '0.21.5', '0.27.0', '0.27.7' ],
1982 silly audit   '@esbuild/android-arm64': [ '0.21.5', '0.27.0', '0.27.7' ],
1982 silly audit   '@esbuild/android-x64': [ '0.21.5', '0.27.0', '0.27.7' ],
1982 silly audit   '@esbuild/darwin-arm64': [ '0.21.5', '0.27.0', '0.27.7' ],
1982 silly audit   '@esbuild/darwin-x64': [ '0.21.5', '0.27.0', '0.27.7' ],
1982 silly audit   '@esbuild/freebsd-arm64': [ '0.21.5', '0.27.0', '0.27.7' ],
1982 silly audit   '@esbuild/freebsd-x64': [ '0.21.5', '0.27.0', '0.27.7' ],
1982 silly audit   '@esbuild/linux-arm': [ '0.21.5', '0.27.0', '0.27.7' ],
1982 silly audit   '@esbuild/linux-arm64': [ '0.21.5', '0.27.0', '0.27.7' ],
1982 silly audit   '@esbuild/linux-ia32': [ '0.21.5', '0.27.0', '0.27.7' ],
1982 silly audit   '@esbuild/linux-loong64': [ '0.21.5', '0.27.0', '0.27.7' ],
1982 silly audit   '@esbuild/linux-mips64el': [ '0.21.5', '0.27.0', '0.27.7' ],
1982 silly audit   '@esbuild/linux-ppc64': [ '0.21.5', '0.27.0', '0.27.7' ],
1982 silly audit   '@esbuild/linux-riscv64': [ '0.21.5', '0.27.0', '0.27.7' ],
1982 silly audit   '@esbuild/linux-s390x': [ '0.21.5', '0.27.0', '0.27.7' ],
1982 silly audit   '@esbuild/linux-x64': [ '0.21.5', '0.27.0', '0.27.7' ],
1982 silly audit   '@esbuild/netbsd-x64': [ '0.21.5', '0.27.0', '0.27.7' ],
1982 silly audit   '@esbuild/openbsd-x64': [ '0.21.5', '0.27.0', '0.27.7' ],
1982 silly audit   '@esbuild/sunos-x64': [ '0.21.5', '0.27.0', '0.27.7' ],
1982 silly audit   '@esbuild/win32-arm64': [ '0.21.5', '0.27.0', '0.27.7' ],
1982 silly audit   '@esbuild/win32-ia32': [ '0.21.5', '0.27.0', '0.27.7' ],
1982 silly audit   '@esbuild/win32-x64': [ '0.21.5', '0.27.0', '0.27.7' ],
1982 silly audit   '@jridgewell/gen-mapping': [ '0.3.13' ],
1982 silly audit   '@jridgewell/remapping': [ '2.3.5' ],
1982 silly audit   '@jridgewell/resolve-uri': [ '3.1.2' ],
1982 silly audit   '@jridgewell/sourcemap-codec': [ '1.5.5' ],
1982 silly audit   '@jridgewell/trace-mapping': [ '0.3.31' ],
1982 silly audit   '@rolldown/pluginutils': [ '1.0.0-beta.27', '1.0.0-rc.1' ],
1982 silly audit   '@rollup/rollup-android-arm-eabi': [ '4.60.4' ],
1982 silly audit   '@rollup/rollup-android-arm64': [ '4.60.4' ],
1982 silly audit   '@rollup/rollup-darwin-arm64': [ '4.60.4' ],
1982 silly audit   '@rollup/rollup-darwin-x64': [ '4.60.4' ],
1982 silly audit   '@rollup/rollup-freebsd-arm64': [ '4.60.4' ],
1982 silly audit   '@rollup/rollup-freebsd-x64': [ '4.60.4' ],
1982 silly audit   '@rollup/rollup-linux-arm-gnueabihf': [ '4.60.4' ],
1982 silly audit   '@rollup/rollup-linux-arm-musleabihf': [ '4.60.4' ],
1982 silly audit   '@rollup/rollup-linux-arm64-gnu': [ '4.60.4' ],
1982 silly audit   '@rollup/rollup-linux-arm64-musl': [ '4.60.4' ],
1982 silly audit   '@rollup/rollup-linux-loong64-gnu': [ '4.60.4' ],
1982 silly audit   '@rollup/rollup-linux-loong64-musl': [ '4.60.4' ],
1982 silly audit   '@rollup/rollup-linux-ppc64-gnu': [ '4.60.4' ],
1982 silly audit   '@rollup/rollup-linux-ppc64-musl': [ '4.60.4' ],
1982 silly audit   '@rollup/rollup-linux-riscv64-gnu': [ '4.60.4' ],
1982 silly audit   '@rollup/rollup-linux-riscv64-musl': [ '4.60.4' ],
1982 silly audit   '@rollup/rollup-linux-s390x-gnu': [ '4.60.4' ],
1982 silly audit   '@rollup/rollup-linux-x64-gnu': [ '4.60.4' ],
1982 silly audit   '@rollup/rollup-linux-x64-musl': [ '4.60.4' ],
1982 silly audit   '@rollup/rollup-openbsd-x64': [ '4.60.4' ],
1982 silly audit   '@rollup/rollup-openharmony-arm64': [ '4.60.4' ],
1982 silly audit   '@rollup/rollup-win32-arm64-msvc': [ '4.60.4' ],
1982 silly audit   '@rollup/rollup-win32-ia32-msvc': [ '4.60.4' ],
1982 silly audit   '@rollup/rollup-win32-x64-gnu': [ '4.60.4' ],
1982 silly audit   '@rollup/rollup-win32-x64-msvc': [ '4.60.4' ],
1982 silly audit   '@types/babel__core': [ '7.20.5' ],
1982 silly audit   '@types/babel__generator': [ '7.27.0' ],
1982 silly audit   '@types/babel__template': [ '7.4.4' ],
1982 silly audit   '@types/babel__traverse': [ '7.28.0' ],
1982 silly audit   '@types/estree': [ '1.0.8' ],
1982 silly audit   '@vitejs/plugin-react': [ '4.7.0' ],
1982 silly audit   'baseline-browser-mapping': [ '2.10.32' ],
1982 silly audit   browserslist: [ '4.28.2' ],
1982 silly audit   'caniuse-lite': [ '1.0.30001793' ],
1982 silly audit   'convert-source-map': [ '2.0.0' ],
1982 silly audit   debug: [ '4.4.3', '4.3.4' ],
1982 silly audit   'electron-to-chromium': [ '1.5.361' ],
1982 silly audit   esbuild: [ '0.21.5', '0.27.0', '0.27.7' ],
1982 silly audit   escalade: [ '3.2.0' ],
1982 silly audit   fsevents: [ '2.3.3' ],
1982 silly audit   gensync: [ '1.0.0-beta.2' ],
1982 silly audit   'js-tokens': [ '4.0.0' ],
1982 silly audit   jsesc: [ '3.1.0' ],
1982 silly audit   json5: [ '2.2.3' ],
1982 silly audit   'loose-envify': [ '1.4.0' ],
1982 silly audit   'lru-cache': [ '5.1.1', '11.5.0', '7.18.3', '6.0.0' ],
1982 silly audit   ms: [ '2.1.3', '2.1.1', '2.1.2' ],
1982 silly audit   nanoid: [ '3.3.12' ],
1982 silly audit   'node-releases': [ '2.0.46' ],
1982 silly audit   picocolors: [ '1.1.1', '1.0.0' ],
1982 silly audit   postcss: [ '8.5.15' ],
1982 silly audit   react: [ '18.3.1' ],
1982 silly audit   'react-dom': [ '18.3.1' ],
1982 silly audit   'react-refresh': [ '0.17.0' ],
1982 silly audit   rollup: [ '4.60.4' ],
1982 silly audit   scheduler: [ '0.23.2' ],
1982 silly audit   semver: [ '6.3.1', '7.5.4', '7.8.1' ],
1982 silly audit   'source-map-js': [ '1.2.1' ],
1982 silly audit   'update-browserslist-db': [ '1.2.3' ],
1982 silly audit   vite: [ '5.4.21' ],
1982 silly audit   yallist: [ '3.1.1', '5.0.0', '4.0.0' ],
1982 silly audit   vercel: [ '54.4.1' ],
1982 silly audit   '@vercel/backends': [ '0.7.2' ],
1982 silly audit   '@vercel/blob': [ '2.4.0' ],
1982 silly audit   '@vercel/build-utils': [ '13.26.1' ],
1982 silly audit   '@vercel/cli-config': [ '0.1.2' ],
1982 silly audit   '@vercel/detect-agent': [ '1.2.3' ],
1982 silly audit   '@vercel/elysia': [ '0.1.80' ],
1982 silly audit   '@vercel/express': [ '0.1.90' ],
1982 silly audit   '@vercel/fastify': [ '0.1.83' ],
1982 silly audit   '@vercel/fun': [ '1.3.0' ],
1982 silly audit   '@vercel/go': [ '3.7.1' ],
1982 silly audit   '@vercel/h3': [ '0.1.89' ],
1982 silly audit   '@vercel/hono': [ '0.2.83' ],
1982 silly audit   '@vercel/hydrogen': [ '1.3.7' ],
1982 silly audit   '@vercel/koa': [ '0.1.63' ],
1982 silly audit   '@vercel/nestjs': [ '0.2.84' ],
1982 silly audit   '@vercel/next': [ '4.17.4' ],
1982 silly audit   '@vercel/node': [ '5.8.4' ],
1982 silly audit   '@vercel/prepare-flags-definitions': [ '0.2.1' ],
1982 silly audit   '@vercel/python': [ '6.43.1' ],
1982 silly audit   '@vercel/redwood': [ '2.4.13' ],
1982 silly audit   '@vercel/remix-builder': [ '5.8.2' ],
1982 silly audit   '@vercel/ruby': [ '2.3.2' ],
1982 silly audit   '@vercel/rust': [ '1.2.0' ],
1982 silly audit   '@vercel/static-build': [ '2.9.30' ],
1982 silly audit   chokidar: [ '4.0.0' ],
1982 silly audit   'form-data': [ '4.0.5' ],
1982 silly audit   jose: [ '5.9.6' ],
1982 silly audit   luxon: [ '3.7.2' ],
1982 silly audit   'proxy-agent': [ '6.4.0' ],
1982 silly audit   sandbox: [ '2.5.6' ],
1982 silly audit   'smol-toml': [ '1.5.2' ],
1982 silly audit   zod: [ '4.1.11', '3.22.4', '3.24.4' ],
1982 silly audit   '@vercel/nft': [ '1.5.0' ],
1982 silly audit   execa: [ '3.2.0', '5.1.1' ],
1982 silly audit   'fs-extra': [ '11.1.0', '11.1.1' ],
1982 silly audit   'oxc-transform': [ '0.111.0' ],
1982 silly audit   'path-to-regexp': [ '8.3.0', '8.2.0', '6.1.0', '6.3.0' ],
1982 silly audit   'resolve.exports': [ '2.0.3' ],
1982 silly audit   rolldown: [ '1.0.0-rc.1' ],
1982 silly audit   srvx: [ '0.8.9' ],
1982 silly audit   tsx: [ '4.21.0' ],
1982 silly audit   'async-retry': [ '1.3.3' ],
1982 silly audit   'is-buffer': [ '2.0.5' ],
1982 silly audit   'is-node-process': [ '1.2.0' ],
1982 silly audit   throttleit: [ '2.1.0' ],
1982 silly audit   undici: [ '6.26.0', '5.28.4', '7.26.0' ],
1982 silly audit   '@vercel/python-analysis': [ '0.11.1' ],
1982 silly audit   'cjs-module-lexer': [ '1.2.3' ],
1982 silly audit   'es-module-lexer': [ '1.5.0', '1.4.1' ],
1982 silly audit   'xdg-app-paths': [ '5.5.1', '5.1.0' ],
1982 silly audit   '@vercel/static-config': [ '3.3.0' ],
1982 silly audit   '@vercel/cervel': [ '0.1.7' ],
1982 silly audit   'ts-morph': [ '12.0.0' ],
1982 silly audit   '@tootallnate/once': [ '2.0.0' ],
1982 silly audit   'async-listen': [ '1.2.0', '3.0.0', '3.0.1' ],
1982 silly audit   'generic-pool': [ '3.4.2' ],
1982 silly audit   micro: [ '9.3.5-canary.3' ],
1982 silly audit   'node-fetch': [ '2.6.7', '2.6.9' ],
1982 silly audit   promisepipe: [ '3.0.0' ],
1982 silly audit   'stat-mode': [ '0.3.0' ],
1982 silly audit   'stream-to-promise': [ '2.2.0' ],
1982 silly audit   tar: [ '7.5.7' ],
1982 silly audit   tinyexec: [ '0.3.2' ],
1982 silly audit   'tree-kill': [ '1.2.2' ],
1982 silly audit   'uid-promise': [ '1.0.0' ],
1982 silly audit   'yauzl-promise': [ '2.1.3' ],
1982 silly audit   '@mapbox/node-pre-gyp': [ '2.0.3' ],
1982 silly audit   '@rollup/pluginutils': [ '5.3.0' ],
1982 silly audit   acorn: [ '8.16.0' ],
1982 silly audit   'acorn-import-attributes': [ '1.9.5' ],
1982 silly audit   'async-sema': [ '3.1.1' ],
1982 silly audit   bindings: [ '1.5.0' ],
1982 silly audit   'estree-walker': [ '2.0.2' ],
1982 silly audit   glob: [ '13.0.6' ],
1982 silly audit   'graceful-fs': [ '4.2.11' ],
1982 silly audit   'node-gyp-build': [ '4.8.4' ],
1982 silly audit   picomatch: [ '4.0.4', '2.3.2' ],
1982 silly audit   'resolve-from': [ '5.0.0' ],
1982 silly audit   consola: [ '3.4.2' ],
1982 silly audit   'detect-libc': [ '2.1.2' ],
1982 silly audit   'https-proxy-agent': [ '7.0.6' ],
1982 silly audit   nopt: [ '8.1.0' ],
1982 silly audit   '@edge-runtime/node-utils': [ '2.3.0' ],
1982 silly audit   '@edge-runtime/primitives': [ '4.1.0' ],
1982 silly audit   '@edge-runtime/vm': [ '3.2.0' ],
1982 silly audit   '@types/node': [ '20.11.0' ],
1982 silly audit   '@vercel/error-utils': [ '2.1.0' ],
1982 silly audit   'edge-runtime': [ '2.5.9' ],
1982 silly audit   etag: [ '1.8.1' ],
1982 silly audit   'mime-types': [ '2.1.35' ],
1982 silly audit   typescript: [ '5.9.3' ],
1982 silly audit   'undici-types': [ '5.26.5' ],
1982 silly audit   '@bytecodealliance/preview2-shim': [ '0.17.6' ],
1982 silly audit   '@renovatebot/pep440': [ '4.2.1' ],
1982 silly audit   'js-yaml': [ '4.1.1' ],
1982 silly audit   minimatch: [ '10.1.1', '10.2.5', '3.1.5' ],
1982 silly audit   '@vercel/gatsby-plugin-vercel-analytics': [ '1.0.11' ],
1982 silly audit   '@vercel/gatsby-plugin-vercel-builder': [ '2.2.7' ],
1982 silly audit   'web-vitals': [ '0.2.4' ],
1982 silly audit   '@sinclair/typebox': [ '0.25.24' ],
1982 silly audit   ajv: [ '8.6.3' ],
1982 silly audit   'json-schema-to-ts': [ '1.6.4' ],
1982 silly audit   'fast-deep-equal': [ '3.1.3' ],
1982 silly audit   'json-schema-traverse': [ '1.0.0' ],
1982 silly audit   'require-from-string': [ '2.0.2' ],
1982 silly audit   'uri-js': [ '4.4.1' ],
1982 silly audit   retry: [ '0.13.1' ],
1982 silly audit   'file-uri-to-path': [ '1.0.0' ],
1982 silly audit   readdirp: [ '4.1.2' ],
1982 silly audit   '@edge-runtime/format': [ '2.2.1' ],
1982 silly audit   '@edge-runtime/ponyfill': [ '2.4.2' ],
1982 silly audit   mri: [ '1.2.0' ],
1982 silly audit   'pretty-ms': [ '7.0.1' ],
1982 silly audit   'signal-exit': [ '4.0.2', '3.0.7' ],
1982 silly audit   'time-span': [ '4.0.0' ],
1982 silly audit   'cross-spawn': [ '7.0.6' ],
1982 silly audit   'get-stream': [ '5.2.0', '6.0.1' ],
1982 silly audit   'human-signals': [ '1.1.1', '2.1.0' ],
1982 silly audit   'is-stream': [ '2.0.1' ],
1982 silly audit   'merge-stream': [ '2.0.0' ],
1982 silly audit   'npm-run-path': [ '4.0.1' ],
1982 silly audit   onetime: [ '5.1.2' ],
1982 silly audit   'p-finally': [ '2.0.1' ],
1982 silly audit   'strip-final-newline': [ '2.0.0' ],
1982 silly audit   'path-key': [ '3.1.1' ],
1982 silly audit   'shebang-command': [ '2.0.0' ],
1982 silly audit   which: [ '2.0.2' ],
1982 silly audit   asynckit: [ '0.4.0' ],
1982 silly audit   'combined-stream': [ '1.0.8' ],
1982 silly audit   'es-set-tostringtag': [ '2.1.0' ],
1982 silly audit   hasown: [ '2.0.3' ],
1982 silly audit   'delayed-stream': [ '1.0.0' ],
1982 silly audit   'es-errors': [ '1.3.0' ],
1982 silly audit   'get-intrinsic': [ '1.3.0' ],
1982 silly audit   'has-tostringtag': [ '1.0.2' ],
1982 silly audit   jsonfile: [ '6.2.1' ],
1982 silly audit   universalify: [ '2.0.1' ],
1982 silly audit   'call-bind-apply-helpers': [ '1.0.2' ],
1982 silly audit   'es-define-property': [ '1.0.1' ],
1982 silly audit   'es-object-atoms': [ '1.1.2' ],
1982 silly audit   'function-bind': [ '1.1.2' ],
1982 silly audit   'get-proto': [ '1.0.1' ],
1982 silly audit   gopd: [ '1.2.0' ],
1982 silly audit   'has-symbols': [ '1.1.0' ],
1982 silly audit   'math-intrinsics': [ '1.1.0' ],
1982 silly audit   'dunder-proto': [ '1.0.1' ],
1982 silly audit   pump: [ '3.0.4' ],
1982 silly audit   minipass: [ '7.1.3' ],
1982 silly audit   'path-scurry': [ '2.0.2' ],
1982 silly audit   'agent-base': [ '7.1.4' ],
1982 silly audit   argparse: [ '2.0.1' ],
1982 silly audit   '@types/json-schema': [ '7.0.15' ],
1982 silly audit   'ts-toolbelt': [ '6.15.5' ],
1982 silly audit   arg: [ '4.1.0' ],
1982 silly audit   'content-type': [ '1.0.4' ],
1982 silly audit   'raw-body': [ '2.4.1' ],
1982 silly audit   'mime-db': [ '1.52.0' ],
1982 silly audit   '@isaacs/brace-expansion': [ '5.0.1' ],
1982 silly audit   '@isaacs/balanced-match': [ '4.0.1' ],
1982 silly audit   'whatwg-url': [ '5.0.0' ],
1982 silly audit   abbrev: [ '3.0.1' ],
1982 silly audit   'mimic-fn': [ '2.1.0' ],
1982 silly audit   '@oxc-transform/binding-android-arm-eabi': [ '0.111.0' ],
1982 silly audit   '@oxc-transform/binding-android-arm64': [ '0.111.0' ],
1982 silly audit   '@oxc-transform/binding-darwin-arm64': [ '0.111.0' ],
1982 silly audit   '@oxc-transform/binding-darwin-x64': [ '0.111.0' ],
1982 silly audit   '@oxc-transform/binding-freebsd-x64': [ '0.111.0' ],
1982 silly audit   '@oxc-transform/binding-linux-arm-gnueabihf': [ '0.111.0' ],
1982 silly audit   '@oxc-transform/binding-linux-arm-musleabihf': [ '0.111.0' ],
1982 silly audit   '@oxc-transform/binding-linux-arm64-gnu': [ '0.111.0' ],
1982 silly audit   '@oxc-transform/binding-linux-arm64-musl': [ '0.111.0' ],
1982 silly audit   '@oxc-transform/binding-linux-ppc64-gnu': [ '0.111.0' ],
1982 silly audit   '@oxc-transform/binding-linux-riscv64-gnu': [ '0.111.0' ],
1982 silly audit   '@oxc-transform/binding-linux-riscv64-musl': [ '0.111.0' ],
1982 silly audit   '@oxc-transform/binding-linux-s390x-gnu': [ '0.111.0' ],
1982 silly audit   '@oxc-transform/binding-linux-x64-gnu': [ '0.111.0' ],
1982 silly audit   '@oxc-transform/binding-linux-x64-musl': [ '0.111.0' ],
1982 silly audit   '@oxc-transform/binding-openharmony-arm64': [ '0.111.0' ],
1982 silly audit   '@oxc-transform/binding-wasm32-wasi': [ '0.111.0' ],
1982 silly audit   '@oxc-transform/binding-win32-arm64-msvc': [ '0.111.0' ],
1982 silly audit   '@oxc-transform/binding-win32-ia32-msvc': [ '0.111.0' ],
1982 silly audit   '@oxc-transform/binding-win32-x64-msvc': [ '0.111.0' ],
1982 silly audit   '@napi-rs/wasm-runtime': [ '1.1.4' ],
1982 silly audit   '@tybys/wasm-util': [ '0.10.2' ],
1982 silly audit   tslib: [ '2.8.1' ],
1982 silly audit   'parse-ms': [ '2.1.0' ],
1982 silly audit   'http-proxy-agent': [ '7.0.2' ],
1982 silly audit   'pac-proxy-agent': [ '7.2.0' ],
1982 silly audit   'proxy-from-env': [ '1.1.0' ],
1982 silly audit   'socks-proxy-agent': [ '8.0.5' ],
1982 silly audit   '@tootallnate/quickjs-emscripten': [ '0.23.0' ],
1982 silly audit   'get-uri': [ '6.0.5' ],
1982 silly audit   'pac-resolver': [ '7.0.1' ],
1982 silly audit   'basic-ftp': [ '5.3.1' ],
1982 silly audit   'data-uri-to-buffer': [ '6.0.2' ],
1982 silly audit   degenerator: [ '5.0.1' ],
1982 silly audit   netmask: [ '2.1.1' ],
1982 silly audit   'ast-types': [ '0.13.4' ],
1982 silly audit   escodegen: [ '2.1.0' ],
1982 silly audit   esprima: [ '4.0.1' ],
1982 silly audit   estraverse: [ '5.3.0' ],
1982 silly audit   esutils: [ '2.0.3' ],
1982 silly audit   'source-map': [ '0.6.1' ],
1982 silly audit   'end-of-stream': [ '1.4.5', '1.1.0' ],
1982 silly audit   once: [ '1.4.0', '1.3.3' ],
1982 silly audit   wrappy: [ '1.0.2' ],
1982 silly audit   bytes: [ '3.1.0' ],
1982 silly audit   'http-errors': [ '1.7.3' ],
1982 silly audit   'iconv-lite': [ '0.4.24' ],
1982 silly audit   unpipe: [ '1.0.0' ],
1982 silly audit   depd: [ '1.1.2' ],
1982 silly audit   inherits: [ '2.0.4' ],
1982 silly audit   setprototypeof: [ '1.1.1' ],
1982 silly audit   statuses: [ '1.5.0' ],
1982 silly audit   toidentifier: [ '1.0.0' ],
1982 silly audit   'safer-buffer': [ '2.1.2' ],
1982 silly audit   '@oxc-project/types': [ '0.110.0' ],
1982 silly audit   '@rolldown/binding-android-arm64': [ '1.0.0-rc.1' ],
1982 silly audit   '@rolldown/binding-darwin-arm64': [ '1.0.0-rc.1' ],
1982 silly audit   '@rolldown/binding-darwin-x64': [ '1.0.0-rc.1' ],
1982 silly audit   '@rolldown/binding-freebsd-x64': [ '1.0.0-rc.1' ],
1982 silly audit   '@rolldown/binding-linux-arm-gnueabihf': [ '1.0.0-rc.1' ],
1982 silly audit   '@rolldown/binding-linux-arm64-gnu': [ '1.0.0-rc.1' ],
1982 silly audit   '@rolldown/binding-linux-arm64-musl': [ '1.0.0-rc.1' ],
1982 silly audit   '@rolldown/binding-linux-x64-gnu': [ '1.0.0-rc.1' ],
1982 silly audit   '@rolldown/binding-linux-x64-musl': [ '1.0.0-rc.1' ],
1982 silly audit   '@rolldown/binding-openharmony-arm64': [ '1.0.0-rc.1' ],
1982 silly audit   '@rolldown/binding-wasm32-wasi': [ '1.0.0-rc.1' ],
1982 silly audit   '@rolldown/binding-win32-arm64-msvc': [ '1.0.0-rc.1' ],
1982 silly audit   '@rolldown/binding-win32-x64-msvc': [ '1.0.0-rc.1' ],
1982 silly audit   '@vercel/sandbox': [ '1.9.0' ],
1982 silly audit   '@vercel/oidc': [ '3.2.0' ],
1982 silly audit   jsonlines: [ '0.1.1' ],
1982 silly audit   'tar-stream': [ '3.1.7' ],
1982 silly audit   'shebang-regex': [ '3.0.0' ],
1982 silly audit   socks: [ '2.8.9' ],
1982 silly audit   'ip-address': [ '10.2.0' ],
1982 silly audit   'smart-buffer': [ '4.2.0' ],
1982 silly audit   'cookie-es': [ '2.0.1' ],
1982 silly audit   'any-promise': [ '1.3.0' ],
1982 silly audit   'stream-to-array': [ '2.3.0' ],
1982 silly audit   '@isaacs/fs-minipass': [ '4.0.1' ],
1982 silly audit   chownr: [ '3.0.0' ],
1982 silly audit   minizlib: [ '3.1.0' ],
1982 silly audit   b4a: [ '1.8.1' ],
1982 silly audit   'fast-fifo': [ '1.3.2' ],
1982 silly audit   streamx: [ '2.25.0' ],
1982 silly audit   'events-universal': [ '1.0.1' ],
1982 silly audit   'text-decoder': [ '1.2.7' ],
1982 silly audit   'bare-events': [ '2.8.3' ],
1982 silly audit   'convert-hrtime': [ '3.0.0' ],
1982 silly audit   '@ts-morph/common': [ '0.11.1' ],
1982 silly audit   'code-block-writer': [ '10.1.1' ],
1982 silly audit   'fast-glob': [ '3.3.3' ],
1982 silly audit   mkdirp: [ '1.0.4' ],
1982 silly audit   'path-browserify': [ '1.0.1' ],
1982 silly audit   '@nodelib/fs.stat': [ '2.0.5' ],
1982 silly audit   '@nodelib/fs.walk': [ '1.2.8' ],
1982 silly audit   'glob-parent': [ '5.1.2' ],
1982 silly audit   merge2: [ '1.4.1' ],
1982 silly audit   micromatch: [ '4.0.8' ],
1982 silly audit   '@nodelib/fs.scandir': [ '2.1.5' ],
1982 silly audit   fastq: [ '1.20.1' ],
1982 silly audit   'run-parallel': [ '1.2.0' ],
1982 silly audit   reusify: [ '1.1.0' ],
1982 silly audit   'is-glob': [ '4.0.3' ],
1982 silly audit   'is-extglob': [ '2.1.1' ],
1982 silly audit   braces: [ '3.0.3' ],
1982 silly audit   'fill-range': [ '7.1.1' ],
1982 silly audit   'to-regex-range': [ '5.0.1' ],
1982 silly audit   'queue-microtask': [ '1.2.3' ],
1982 silly audit   'is-number': [ '7.0.0' ],
1982 silly audit   'get-tsconfig': [ '4.14.0' ],
1982 silly audit   'resolve-pkg-maps': [ '1.0.0' ],
1982 silly audit   punycode: [ '2.3.1' ],
1982 silly audit   tr46: [ '0.0.3' ],
1982 silly audit   'webidl-conversions': [ '3.0.1' ],
1982 silly audit   isexe: [ '2.0.0' ],
1982 silly audit   'os-paths': [ '4.4.0' ],
1982 silly audit   'xdg-portable': [ '7.3.0' ],
1982 silly audit   yauzl: [ '2.10.0' ],
1982 silly audit   'yauzl-clone': [ '1.0.4' ],
1982 silly audit   'buffer-crc32': [ '0.2.13' ],
1982 silly audit   'fd-slicer': [ '1.1.0' ],
1982 silly audit   pend: [ '1.2.0' ],
1982 silly audit   'events-intercept': [ '2.0.0' ],
1982 silly audit   'brace-expansion': [ '1.1.14', '5.0.6' ],
1982 silly audit   'balanced-match': [ '1.0.2', '4.0.4' ],
1982 silly audit   'concat-map': [ '0.0.1' ],
1982 silly audit   '@esbuild/netbsd-arm64': [ '0.27.0', '0.27.7' ],
1982 silly audit   '@esbuild/openbsd-arm64': [ '0.27.0', '0.27.7' ],
1982 silly audit   '@esbuild/openharmony-arm64': [ '0.27.0', '0.27.7' ],
1982 silly audit   '@fastify/busboy': [ '2.1.1' ]
1982 silly audit }
1983 http cache @fastify/busboy@https://registry.npmjs.org/@fastify/busboy/-/busboy-2.1.1.tgz 0ms (cache hit)
1984 http cache balanced-match@https://registry.npmjs.org/balanced-match/-/balanced-match-1.0.2.tgz 0ms (cache hit)
1985 http cache brace-expansion@https://registry.npmjs.org/brace-expansion/-/brace-expansion-1.1.14.tgz 0ms (cache hit)
1986 http cache pend@https://registry.npmjs.org/pend/-/pend-1.2.0.tgz 0ms (cache hit)
1987 http cache concat-map@https://registry.npmjs.org/concat-map/-/concat-map-0.0.1.tgz 0ms (cache hit)
1988 http cache events-intercept@https://registry.npmjs.org/events-intercept/-/events-intercept-2.0.0.tgz 0ms (cache hit)
1989 http cache buffer-crc32@https://registry.npmjs.org/buffer-crc32/-/buffer-crc32-0.2.13.tgz 0ms (cache hit)
1990 http cache fd-slicer@https://registry.npmjs.org/fd-slicer/-/fd-slicer-1.1.0.tgz 0ms (cache hit)
1991 http cache yauzl-clone@https://registry.npmjs.org/yauzl-clone/-/yauzl-clone-1.0.4.tgz 0ms (cache hit)
1992 http cache xdg-portable@https://registry.npmjs.org/xdg-portable/-/xdg-portable-7.3.0.tgz 0ms (cache hit)
1993 http cache os-paths@https://registry.npmjs.org/os-paths/-/os-paths-4.4.0.tgz 0ms (cache hit)
1994 http cache webidl-conversions@https://registry.npmjs.org/webidl-conversions/-/webidl-conversions-3.0.1.tgz 0ms (cache hit)
1995 http cache isexe@https://registry.npmjs.org/isexe/-/isexe-2.0.0.tgz 0ms (cache hit)
1996 http cache tr46@https://registry.npmjs.org/tr46/-/tr46-0.0.3.tgz 0ms (cache hit)
1997 http cache punycode@https://registry.npmjs.org/punycode/-/punycode-2.3.1.tgz 0ms (cache hit)
1998 http cache resolve-pkg-maps@https://registry.npmjs.org/resolve-pkg-maps/-/resolve-pkg-maps-1.0.0.tgz 0ms (cache hit)
1999 http cache yauzl@https://registry.npmjs.org/yauzl/-/yauzl-2.10.0.tgz 0ms (cache hit)
2000 http cache is-number@https://registry.npmjs.org/is-number/-/is-number-7.0.0.tgz 0ms (cache hit)
2001 http cache get-tsconfig@https://registry.npmjs.org/get-tsconfig/-/get-tsconfig-4.14.0.tgz 0ms (cache hit)
2002 http cache to-regex-range@https://registry.npmjs.org/to-regex-range/-/to-regex-range-5.0.1.tgz 0ms (cache hit)
2003 http cache fill-range@https://registry.npmjs.org/fill-range/-/fill-range-7.1.1.tgz 0ms (cache hit)
2004 http cache braces@https://registry.npmjs.org/braces/-/braces-3.0.3.tgz 0ms (cache hit)
2005 http cache queue-microtask@https://registry.npmjs.org/queue-microtask/-/queue-microtask-1.2.3.tgz 0ms (cache hit)
2006 http cache is-glob@https://registry.npmjs.org/is-glob/-/is-glob-4.0.3.tgz 0ms (cache hit)
2007 http cache is-extglob@https://registry.npmjs.org/is-extglob/-/is-extglob-2.1.1.tgz 0ms (cache hit)
2008 http cache reusify@https://registry.npmjs.org/reusify/-/reusify-1.1.0.tgz 0ms (cache hit)
2009 http cache fastq@https://registry.npmjs.org/fastq/-/fastq-1.20.1.tgz 0ms (cache hit)
2010 http cache run-parallel@https://registry.npmjs.org/run-parallel/-/run-parallel-1.2.0.tgz 0ms (cache hit)
2011 http cache micromatch@https://registry.npmjs.org/micromatch/-/micromatch-4.0.8.tgz 0ms (cache hit)
2012 http cache merge2@https://registry.npmjs.org/merge2/-/merge2-1.4.1.tgz 0ms (cache hit)
2013 http cache glob-parent@https://registry.npmjs.org/glob-parent/-/glob-parent-5.1.2.tgz 0ms (cache hit)
2014 http cache @nodelib/fs.scandir@https://registry.npmjs.org/@nodelib/fs.scandir/-/fs.scandir-2.1.5.tgz 0ms (cache hit)
2015 http cache path-browserify@https://registry.npmjs.org/path-browserify/-/path-browserify-1.0.1.tgz 0ms (cache hit)
2016 http cache @nodelib/fs.stat@https://registry.npmjs.org/@nodelib/fs.stat/-/fs.stat-2.0.5.tgz 0ms (cache hit)
2017 http cache mkdirp@https://registry.npmjs.org/mkdirp/-/mkdirp-1.0.4.tgz 0ms (cache hit)
2018 http cache fast-glob@https://registry.npmjs.org/fast-glob/-/fast-glob-3.3.3.tgz 0ms (cache hit)
2019 http cache @nodelib/fs.walk@https://registry.npmjs.org/@nodelib/fs.walk/-/fs.walk-1.2.8.tgz 0ms (cache hit)
2020 http cache @ts-morph/common@https://registry.npmjs.org/@ts-morph/common/-/common-0.11.1.tgz 0ms (cache hit)
2021 http cache convert-hrtime@https://registry.npmjs.org/convert-hrtime/-/convert-hrtime-3.0.0.tgz 0ms (cache hit)
2022 http cache text-decoder@https://registry.npmjs.org/text-decoder/-/text-decoder-1.2.7.tgz 0ms (cache hit)
2023 http cache code-block-writer@https://registry.npmjs.org/code-block-writer/-/code-block-writer-10.1.1.tgz 0ms (cache hit)
2024 http cache events-universal@https://registry.npmjs.org/events-universal/-/events-universal-1.0.1.tgz 0ms (cache hit)
2025 http cache bare-events@https://registry.npmjs.org/bare-events/-/bare-events-2.8.3.tgz 0ms (cache hit)
2026 http cache fast-fifo@https://registry.npmjs.org/fast-fifo/-/fast-fifo-1.3.2.tgz 0ms (cache hit)
2027 http cache streamx@https://registry.npmjs.org/streamx/-/streamx-2.25.0.tgz 0ms (cache hit)
2028 http cache b4a@https://registry.npmjs.org/b4a/-/b4a-1.8.1.tgz 0ms (cache hit)
2029 http cache minizlib@https://registry.npmjs.org/minizlib/-/minizlib-3.1.0.tgz 0ms (cache hit)
2030 http cache chownr@https://registry.npmjs.org/chownr/-/chownr-3.0.0.tgz 0ms (cache hit)
2031 http cache @isaacs/fs-minipass@https://registry.npmjs.org/@isaacs/fs-minipass/-/fs-minipass-4.0.1.tgz 0ms (cache hit)
2032 http cache stream-to-array@https://registry.npmjs.org/stream-to-array/-/stream-to-array-2.3.0.tgz 0ms (cache hit)
2033 http cache any-promise@https://registry.npmjs.org/any-promise/-/any-promise-1.3.0.tgz 0ms (cache hit)
2034 http cache smart-buffer@https://registry.npmjs.org/smart-buffer/-/smart-buffer-4.2.0.tgz 0ms (cache hit)
2035 http cache cookie-es@https://registry.npmjs.org/cookie-es/-/cookie-es-2.0.1.tgz 0ms (cache hit)
2036 http cache ip-address@https://registry.npmjs.org/ip-address/-/ip-address-10.2.0.tgz 0ms (cache hit)
2037 http cache socks@https://registry.npmjs.org/socks/-/socks-2.8.9.tgz 0ms (cache hit)
2038 http cache tar-stream@https://registry.npmjs.org/tar-stream/-/tar-stream-3.1.7.tgz 0ms (cache hit)
2039 http cache shebang-regex@https://registry.npmjs.org/shebang-regex/-/shebang-regex-3.0.0.tgz 0ms (cache hit)
2040 http cache jsonlines@https://registry.npmjs.org/jsonlines/-/jsonlines-0.1.1.tgz 0ms (cache hit)
2041 http cache @vercel/sandbox@https://registry.npmjs.org/@vercel/sandbox/-/sandbox-1.9.0.tgz 0ms (cache hit)
2042 http cache @vercel/oidc@https://registry.npmjs.org/@vercel/oidc/-/oidc-3.2.0.tgz 0ms (cache hit)
2043 http cache @oxc-project/types@https://registry.npmjs.org/@oxc-project/types/-/types-0.110.0.tgz 0ms (cache hit)
2044 http cache @rolldown/binding-darwin-x64@https://registry.npmjs.org/@rolldown/binding-darwin-x64/-/binding-darwin-x64-1.0.0-rc.1.tgz 0ms (cache hit)
2045 http cache toidentifier@https://registry.npmjs.org/toidentifier/-/toidentifier-1.0.0.tgz 0ms (cache hit)
2046 http cache safer-buffer@https://registry.npmjs.org/safer-buffer/-/safer-buffer-2.1.2.tgz 0ms (cache hit)
2047 http cache statuses@https://registry.npmjs.org/statuses/-/statuses-1.5.0.tgz 0ms (cache hit)
2048 http cache setprototypeof@https://registry.npmjs.org/setprototypeof/-/setprototypeof-1.1.1.tgz 0ms (cache hit)
2049 http cache depd@https://registry.npmjs.org/depd/-/depd-1.1.2.tgz 0ms (cache hit)
2050 http cache inherits@https://registry.npmjs.org/inherits/-/inherits-2.0.4.tgz 0ms (cache hit)
2051 http cache unpipe@https://registry.npmjs.org/unpipe/-/unpipe-1.0.0.tgz 0ms (cache hit)
2052 http cache iconv-lite@https://registry.npmjs.org/iconv-lite/-/iconv-lite-0.4.24.tgz 0ms (cache hit)
2053 http cache http-errors@https://registry.npmjs.org/http-errors/-/http-errors-1.7.3.tgz 0ms (cache hit)
2054 http cache once@https://registry.npmjs.org/once/-/once-1.4.0.tgz 0ms (cache hit)
2055 http cache bytes@https://registry.npmjs.org/bytes/-/bytes-3.1.0.tgz 0ms (cache hit)
2056 http cache source-map@https://registry.npmjs.org/source-map/-/source-map-0.6.1.tgz 0ms (cache hit)
2057 http cache wrappy@https://registry.npmjs.org/wrappy/-/wrappy-1.0.2.tgz 0ms (cache hit)
2058 http cache end-of-stream@https://registry.npmjs.org/end-of-stream/-/end-of-stream-1.4.5.tgz 0ms (cache hit)
2059 http cache estraverse@https://registry.npmjs.org/estraverse/-/estraverse-5.3.0.tgz 0ms (cache hit)
2060 http cache ast-types@https://registry.npmjs.org/ast-types/-/ast-types-0.13.4.tgz 0ms (cache hit)
2061 http cache esutils@https://registry.npmjs.org/esutils/-/esutils-2.0.3.tgz 0ms (cache hit)
2062 http cache esprima@https://registry.npmjs.org/esprima/-/esprima-4.0.1.tgz 0ms (cache hit)
2063 http cache degenerator@https://registry.npmjs.org/degenerator/-/degenerator-5.0.1.tgz 0ms (cache hit)
2064 http cache netmask@https://registry.npmjs.org/netmask/-/netmask-2.1.1.tgz 0ms (cache hit)
2065 http cache basic-ftp@https://registry.npmjs.org/basic-ftp/-/basic-ftp-5.3.1.tgz 0ms (cache hit)
2066 http cache escodegen@https://registry.npmjs.org/escodegen/-/escodegen-2.1.0.tgz 0ms (cache hit)
2067 http cache data-uri-to-buffer@https://registry.npmjs.org/data-uri-to-buffer/-/data-uri-to-buffer-6.0.2.tgz 1ms (cache hit)
2068 http cache pac-resolver@https://registry.npmjs.org/pac-resolver/-/pac-resolver-7.0.1.tgz 0ms (cache hit)
2069 http cache @tootallnate/quickjs-emscripten@https://registry.npmjs.org/@tootallnate/quickjs-emscripten/-/quickjs-emscripten-0.23.0.tgz 0ms (cache hit)
2070 http cache get-uri@https://registry.npmjs.org/get-uri/-/get-uri-6.0.5.tgz 0ms (cache hit)
2071 http cache pac-proxy-agent@https://registry.npmjs.org/pac-proxy-agent/-/pac-proxy-agent-7.2.0.tgz 0ms (cache hit)
2072 http cache proxy-from-env@https://registry.npmjs.org/proxy-from-env/-/proxy-from-env-1.1.0.tgz 0ms (cache hit)
2073 http cache socks-proxy-agent@https://registry.npmjs.org/socks-proxy-agent/-/socks-proxy-agent-8.0.5.tgz 0ms (cache hit)
2074 http cache parse-ms@https://registry.npmjs.org/parse-ms/-/parse-ms-2.1.0.tgz 0ms (cache hit)
2075 http cache http-proxy-agent@https://registry.npmjs.org/http-proxy-agent/-/http-proxy-agent-7.0.2.tgz 0ms (cache hit)
2076 http cache tslib@https://registry.npmjs.org/tslib/-/tslib-2.8.1.tgz 0ms (cache hit)
2077 http cache mimic-fn@https://registry.npmjs.org/mimic-fn/-/mimic-fn-2.1.0.tgz 0ms (cache hit)
2078 http cache @napi-rs/wasm-runtime@https://registry.npmjs.org/@napi-rs/wasm-runtime/-/wasm-runtime-1.1.4.tgz 0ms (cache hit)
2079 http cache abbrev@https://registry.npmjs.org/abbrev/-/abbrev-3.0.1.tgz 0ms (cache hit)
2080 http cache @tybys/wasm-util@https://registry.npmjs.org/@tybys/wasm-util/-/wasm-util-0.10.2.tgz 0ms (cache hit)
2081 http cache whatwg-url@https://registry.npmjs.org/whatwg-url/-/whatwg-url-5.0.0.tgz 0ms (cache hit)
2082 http cache @oxc-transform/binding-darwin-x64@https://registry.npmjs.org/@oxc-transform/binding-darwin-x64/-/binding-darwin-x64-0.111.0.tgz 0ms (cache hit)
2083 http cache @isaacs/balanced-match@https://registry.npmjs.org/@isaacs/balanced-match/-/balanced-match-4.0.1.tgz 0ms (cache hit)
2084 http cache raw-body@https://registry.npmjs.org/raw-body/-/raw-body-2.4.1.tgz 0ms (cache hit)
2085 http cache @isaacs/brace-expansion@https://registry.npmjs.org/@isaacs/brace-expansion/-/brace-expansion-5.0.1.tgz 0ms (cache hit)
2086 http cache content-type@https://registry.npmjs.org/content-type/-/content-type-1.0.4.tgz 0ms (cache hit)
2087 http cache mime-db@https://registry.npmjs.org/mime-db/-/mime-db-1.52.0.tgz 0ms (cache hit)
2088 http cache ts-toolbelt@https://registry.npmjs.org/ts-toolbelt/-/ts-toolbelt-6.15.5.tgz 0ms (cache hit)
2089 http cache @types/json-schema@https://registry.npmjs.org/@types/json-schema/-/json-schema-7.0.15.tgz 0ms (cache hit)
2090 http cache argparse@https://registry.npmjs.org/argparse/-/argparse-2.0.1.tgz 0ms (cache hit)
2091 http cache agent-base@https://registry.npmjs.org/agent-base/-/agent-base-7.1.4.tgz 0ms (cache hit)
2092 http cache arg@https://registry.npmjs.org/arg/-/arg-4.1.0.tgz 0ms (cache hit)
2093 http cache path-scurry@https://registry.npmjs.org/path-scurry/-/path-scurry-2.0.2.tgz 0ms (cache hit)
2094 http cache minipass@https://registry.npmjs.org/minipass/-/minipass-7.1.3.tgz 0ms (cache hit)
2095 http cache math-intrinsics@https://registry.npmjs.org/math-intrinsics/-/math-intrinsics-1.1.0.tgz 0ms (cache hit)
2096 http cache dunder-proto@https://registry.npmjs.org/dunder-proto/-/dunder-proto-1.0.1.tgz 0ms (cache hit)
2097 http cache get-proto@https://registry.npmjs.org/get-proto/-/get-proto-1.0.1.tgz 0ms (cache hit)
2098 http cache has-symbols@https://registry.npmjs.org/has-symbols/-/has-symbols-1.1.0.tgz 0ms (cache hit)
2099 http cache pump@https://registry.npmjs.org/pump/-/pump-3.0.4.tgz 0ms (cache hit)
2100 http cache es-object-atoms@https://registry.npmjs.org/es-object-atoms/-/es-object-atoms-1.1.2.tgz 0ms (cache hit)
2101 http cache gopd@https://registry.npmjs.org/gopd/-/gopd-1.2.0.tgz 0ms (cache hit)
2102 http cache function-bind@https://registry.npmjs.org/function-bind/-/function-bind-1.1.2.tgz 0ms (cache hit)
2103 http cache es-define-property@https://registry.npmjs.org/es-define-property/-/es-define-property-1.0.1.tgz 0ms (cache hit)
2104 http cache universalify@https://registry.npmjs.org/universalify/-/universalify-2.0.1.tgz 0ms (cache hit)
2105 http cache call-bind-apply-helpers@https://registry.npmjs.org/call-bind-apply-helpers/-/call-bind-apply-helpers-1.0.2.tgz 0ms (cache hit)
2106 http cache jsonfile@https://registry.npmjs.org/jsonfile/-/jsonfile-6.2.1.tgz 0ms (cache hit)
2107 http cache has-tostringtag@https://registry.npmjs.org/has-tostringtag/-/has-tostringtag-1.0.2.tgz 0ms (cache hit)
2108 http cache get-intrinsic@https://registry.npmjs.org/get-intrinsic/-/get-intrinsic-1.3.0.tgz 0ms (cache hit)
2109 http cache hasown@https://registry.npmjs.org/hasown/-/hasown-2.0.3.tgz 0ms (cache hit)
2110 http cache delayed-stream@https://registry.npmjs.org/delayed-stream/-/delayed-stream-1.0.0.tgz 0ms (cache hit)
2111 http cache asynckit@https://registry.npmjs.org/asynckit/-/asynckit-0.4.0.tgz 0ms (cache hit)
2112 http cache es-set-tostringtag@https://registry.npmjs.org/es-set-tostringtag/-/es-set-tostringtag-2.1.0.tgz 0ms (cache hit)
2113 http cache path-key@https://registry.npmjs.org/path-key/-/path-key-3.1.1.tgz 0ms (cache hit)
2114 http cache which@https://registry.npmjs.org/which/-/which-2.0.2.tgz 0ms (cache hit)
2115 http cache strip-final-newline@https://registry.npmjs.org/strip-final-newline/-/strip-final-newline-2.0.0.tgz 0ms (cache hit)
2116 http cache p-finally@https://registry.npmjs.org/p-finally/-/p-finally-2.0.1.tgz 0ms (cache hit)
2117 http cache shebang-command@https://registry.npmjs.org/shebang-command/-/shebang-command-2.0.0.tgz 0ms (cache hit)
2118 http cache onetime@https://registry.npmjs.org/onetime/-/onetime-5.1.2.tgz 0ms (cache hit)
2119 http cache npm-run-path@https://registry.npmjs.org/npm-run-path/-/npm-run-path-4.0.1.tgz 0ms (cache hit)
2120 http cache merge-stream@https://registry.npmjs.org/merge-stream/-/merge-stream-2.0.0.tgz 0ms (cache hit)
2121 http cache is-stream@https://registry.npmjs.org/is-stream/-/is-stream-2.0.1.tgz 0ms (cache hit)
2122 http cache human-signals@https://registry.npmjs.org/human-signals/-/human-signals-1.1.1.tgz 0ms (cache hit)
2123 http cache combined-stream@https://registry.npmjs.org/combined-stream/-/combined-stream-1.0.8.tgz 0ms (cache hit)
2124 http cache es-errors@https://registry.npmjs.org/es-errors/-/es-errors-1.3.0.tgz 0ms (cache hit)
2125 http cache get-stream@https://registry.npmjs.org/get-stream/-/get-stream-5.2.0.tgz 0ms (cache hit)
2126 http cache cross-spawn@https://registry.npmjs.org/cross-spawn/-/cross-spawn-7.0.6.tgz 0ms (cache hit)
2127 http cache time-span@https://registry.npmjs.org/time-span/-/time-span-4.0.0.tgz 0ms (cache hit)
2128 http cache signal-exit@https://registry.npmjs.org/signal-exit/-/signal-exit-4.0.2.tgz 0ms (cache hit)
2129 http cache mri@https://registry.npmjs.org/mri/-/mri-1.2.0.tgz 0ms (cache hit)
2130 http cache @edge-runtime/ponyfill@https://registry.npmjs.org/@edge-runtime/ponyfill/-/ponyfill-2.4.2.tgz 0ms (cache hit)
2131 http cache @edge-runtime/format@https://registry.npmjs.org/@edge-runtime/format/-/format-2.2.1.tgz 0ms (cache hit)
2132 http cache readdirp@https://registry.npmjs.org/readdirp/-/readdirp-4.1.2.tgz 0ms (cache hit)
2133 http cache file-uri-to-path@https://registry.npmjs.org/file-uri-to-path/-/file-uri-to-path-1.0.0.tgz 0ms (cache hit)
2134 http cache uri-js@https://registry.npmjs.org/uri-js/-/uri-js-4.4.1.tgz 0ms (cache hit)
2135 http cache require-from-string@https://registry.npmjs.org/require-from-string/-/require-from-string-2.0.2.tgz 0ms (cache hit)
2136 http cache pretty-ms@https://registry.npmjs.org/pretty-ms/-/pretty-ms-7.0.1.tgz 0ms (cache hit)
2137 http cache json-schema-to-ts@https://registry.npmjs.org/json-schema-to-ts/-/json-schema-to-ts-1.6.4.tgz 0ms (cache hit)
2138 http cache retry@https://registry.npmjs.org/retry/-/retry-0.13.1.tgz 0ms (cache hit)
2139 http cache json-schema-traverse@https://registry.npmjs.org/json-schema-traverse/-/json-schema-traverse-1.0.0.tgz 0ms (cache hit)
2140 http cache fast-deep-equal@https://registry.npmjs.org/fast-deep-equal/-/fast-deep-equal-3.1.3.tgz 0ms (cache hit)
2141 http cache ajv@https://registry.npmjs.org/ajv/-/ajv-8.6.3.tgz 0ms (cache hit)
2142 http cache web-vitals@https://registry.npmjs.org/web-vitals/-/web-vitals-0.2.4.tgz 0ms (cache hit)
2143 http cache @vercel/gatsby-plugin-vercel-analytics@https://registry.npmjs.org/@vercel/gatsby-plugin-vercel-analytics/-/gatsby-plugin-vercel-analytics-1.0.11.tgz 0ms (cache hit)
2144 http cache @sinclair/typebox@https://registry.npmjs.org/@sinclair/typebox/-/typebox-0.25.24.tgz 0ms (cache hit)
2145 http cache @vercel/gatsby-plugin-vercel-builder@https://registry.npmjs.org/@vercel/gatsby-plugin-vercel-builder/-/gatsby-plugin-vercel-builder-2.2.7.tgz 0ms (cache hit)
2146 http cache minimatch@https://registry.npmjs.org/minimatch/-/minimatch-10.1.1.tgz 0ms (cache hit)
2147 http cache @renovatebot/pep440@https://registry.npmjs.org/@renovatebot/pep440/-/pep440-4.2.1.tgz 0ms (cache hit)
2148 http cache js-yaml@https://registry.npmjs.org/js-yaml/-/js-yaml-4.1.1.tgz 0ms (cache hit)
2149 http cache typescript@https://registry.npmjs.org/typescript/-/typescript-5.9.3.tgz 0ms (cache hit)
2150 http cache @bytecodealliance/preview2-shim@https://registry.npmjs.org/@bytecodealliance/preview2-shim/-/preview2-shim-0.17.6.tgz 0ms (cache hit)
2151 http cache path-to-regexp-updated@https://registry.npmjs.org/path-to-regexp/-/path-to-regexp-6.3.0.tgz 0ms (cache hit)
2152 http cache mime-types@https://registry.npmjs.org/mime-types/-/mime-types-2.1.35.tgz 0ms (cache hit)
2153 http cache @vercel/error-utils@https://registry.npmjs.org/@vercel/error-utils/-/error-utils-2.1.0.tgz 0ms (cache hit)
2154 http cache etag@https://registry.npmjs.org/etag/-/etag-1.8.1.tgz 0ms (cache hit)
2155 http cache edge-runtime@https://registry.npmjs.org/edge-runtime/-/edge-runtime-2.5.9.tgz 0ms (cache hit)
2156 http cache @edge-runtime/vm@https://registry.npmjs.org/@edge-runtime/vm/-/vm-3.2.0.tgz 0ms (cache hit)
2157 http cache @types/node@https://registry.npmjs.org/@types/node/-/node-20.11.0.tgz 0ms (cache hit)
2158 http cache undici-types@https://registry.npmjs.org/undici-types/-/undici-types-5.26.5.tgz 0ms (cache hit)
2159 http cache @edge-runtime/primitives@https://registry.npmjs.org/@edge-runtime/primitives/-/primitives-4.1.0.tgz 0ms (cache hit)
2160 http cache nopt@https://registry.npmjs.org/nopt/-/nopt-8.1.0.tgz 0ms (cache hit)
2161 http cache @edge-runtime/node-utils@https://registry.npmjs.org/@edge-runtime/node-utils/-/node-utils-2.3.0.tgz 0ms (cache hit)
2162 http cache https-proxy-agent@https://registry.npmjs.org/https-proxy-agent/-/https-proxy-agent-7.0.6.tgz 0ms (cache hit)
2163 http cache detect-libc@https://registry.npmjs.org/detect-libc/-/detect-libc-2.1.2.tgz 0ms (cache hit)
2164 http cache resolve-from@https://registry.npmjs.org/resolve-from/-/resolve-from-5.0.0.tgz 0ms (cache hit)
2165 http cache picomatch@https://registry.npmjs.org/picomatch/-/picomatch-4.0.4.tgz 0ms (cache hit)
2166 http cache consola@https://registry.npmjs.org/consola/-/consola-3.4.2.tgz 0ms (cache hit)
2167 http cache node-gyp-build@https://registry.npmjs.org/node-gyp-build/-/node-gyp-build-4.8.4.tgz 0ms (cache hit)
2168 http cache estree-walker@https://registry.npmjs.org/estree-walker/-/estree-walker-2.0.2.tgz 0ms (cache hit)
2169 http cache glob@https://registry.npmjs.org/glob/-/glob-13.0.6.tgz 0ms (cache hit)
2170 http cache bindings@https://registry.npmjs.org/bindings/-/bindings-1.5.0.tgz 0ms (cache hit)
2171 http cache async-sema@https://registry.npmjs.org/async-sema/-/async-sema-3.1.1.tgz 0ms (cache hit)
2172 http cache graceful-fs@https://registry.npmjs.org/graceful-fs/-/graceful-fs-4.2.11.tgz 0ms (cache hit)
2173 http cache acorn-import-attributes@https://registry.npmjs.org/acorn-import-attributes/-/acorn-import-attributes-1.9.5.tgz 0ms (cache hit)
2174 http cache acorn@https://registry.npmjs.org/acorn/-/acorn-8.16.0.tgz 0ms (cache hit)
2175 http cache uid-promise@https://registry.npmjs.org/uid-promise/-/uid-promise-1.0.0.tgz 0ms (cache hit)
2176 http cache @mapbox/node-pre-gyp@https://registry.npmjs.org/@mapbox/node-pre-gyp/-/node-pre-gyp-2.0.3.tgz 0ms (cache hit)
2177 http cache tree-kill@https://registry.npmjs.org/tree-kill/-/tree-kill-1.2.2.tgz 0ms (cache hit)
2178 http cache yauzl-promise@https://registry.npmjs.org/yauzl-promise/-/yauzl-promise-2.1.3.tgz 0ms (cache hit)
2179 http cache tinyexec@https://registry.npmjs.org/tinyexec/-/tinyexec-0.3.2.tgz 0ms (cache hit)
2180 http cache stream-to-promise@https://registry.npmjs.org/stream-to-promise/-/stream-to-promise-2.2.0.tgz 0ms (cache hit)
2181 http cache @rollup/pluginutils@https://registry.npmjs.org/@rollup/pluginutils/-/pluginutils-5.3.0.tgz 0ms (cache hit)
2182 http cache tar@https://registry.npmjs.org/tar/-/tar-7.5.7.tgz 0ms (cache hit)
2183 http cache promisepipe@https://registry.npmjs.org/promisepipe/-/promisepipe-3.0.0.tgz 0ms (cache hit)
2184 http cache stat-mode@https://registry.npmjs.org/stat-mode/-/stat-mode-0.3.0.tgz 0ms (cache hit)
2185 http cache micro@https://registry.npmjs.org/micro/-/micro-9.3.5-canary.3.tgz 0ms (cache hit)
2186 http cache node-fetch@https://registry.npmjs.org/node-fetch/-/node-fetch-2.6.7.tgz 0ms (cache hit)
2187 http cache generic-pool@https://registry.npmjs.org/generic-pool/-/generic-pool-3.4.2.tgz 0ms (cache hit)
2188 http cache async-listen@https://registry.npmjs.org/async-listen/-/async-listen-1.2.0.tgz 0ms (cache hit)
2189 http cache @tootallnate/once@https://registry.npmjs.org/@tootallnate/once/-/once-2.0.0.tgz 0ms (cache hit)
2190 http cache ts-morph@https://registry.npmjs.org/ts-morph/-/ts-morph-12.0.0.tgz 0ms (cache hit)
2191 http cache @vercel/static-config@https://registry.npmjs.org/@vercel/static-config/-/static-config-3.3.0.tgz 0ms (cache hit)
2192 http cache xdg-app-paths@https://registry.npmjs.org/xdg-app-paths/-/xdg-app-paths-5.5.1.tgz 0ms (cache hit)
2193 http cache @vercel/cervel@https://registry.npmjs.org/@vercel/cervel/-/cervel-0.1.7.tgz 0ms (cache hit)
2194 http cache es-module-lexer@https://registry.npmjs.org/es-module-lexer/-/es-module-lexer-1.5.0.tgz 0ms (cache hit)
2195 http cache cjs-module-lexer@https://registry.npmjs.org/cjs-module-lexer/-/cjs-module-lexer-1.2.3.tgz 0ms (cache hit)
2196 http cache @vercel/python-analysis@https://registry.npmjs.org/@vercel/python-analysis/-/python-analysis-0.11.1.tgz 0ms (cache hit)
2197 http cache throttleit@https://registry.npmjs.org/throttleit/-/throttleit-2.1.0.tgz 0ms (cache hit)
2198 http cache undici@https://registry.npmjs.org/undici/-/undici-6.26.0.tgz 0ms (cache hit)
2199 http cache async-retry@https://registry.npmjs.org/async-retry/-/async-retry-1.3.3.tgz 0ms (cache hit)
2200 http cache is-node-process@https://registry.npmjs.org/is-node-process/-/is-node-process-1.2.0.tgz 0ms (cache hit)
2201 http cache srvx@https://registry.npmjs.org/srvx/-/srvx-0.8.9.tgz 0ms (cache hit)
2202 http cache tsx@https://registry.npmjs.org/tsx/-/tsx-4.21.0.tgz 0ms (cache hit)
2203 http cache is-buffer@https://registry.npmjs.org/is-buffer/-/is-buffer-2.0.5.tgz 0ms (cache hit)
2204 http cache rolldown@https://registry.npmjs.org/rolldown/-/rolldown-1.0.0-rc.1.tgz 0ms (cache hit)
2205 http cache path-to-regexp@https://registry.npmjs.org/path-to-regexp/-/path-to-regexp-8.3.0.tgz 0ms (cache hit)
2206 http cache resolve.exports@https://registry.npmjs.org/resolve.exports/-/resolve.exports-2.0.3.tgz 0ms (cache hit)
2207 http cache zod@https://registry.npmjs.org/zod/-/zod-4.1.11.tgz 0ms (cache hit)
2208 http cache oxc-transform@https://registry.npmjs.org/oxc-transform/-/oxc-transform-0.111.0.tgz 0ms (cache hit)
2209 http cache fs-extra@https://registry.npmjs.org/fs-extra/-/fs-extra-11.1.0.tgz 0ms (cache hit)
2210 http cache execa@https://registry.npmjs.org/execa/-/execa-3.2.0.tgz 0ms (cache hit)
2211 http cache @vercel/nft@https://registry.npmjs.org/@vercel/nft/-/nft-1.5.0.tgz 0ms (cache hit)
2212 http cache proxy-agent@https://registry.npmjs.org/proxy-agent/-/proxy-agent-6.4.0.tgz 0ms (cache hit)
2213 http cache smol-toml@https://registry.npmjs.org/smol-toml/-/smol-toml-1.5.2.tgz 0ms (cache hit)
2214 http cache sandbox@https://registry.npmjs.org/sandbox/-/sandbox-2.5.6.tgz 0ms (cache hit)
2215 http cache jose@https://registry.npmjs.org/jose/-/jose-5.9.6.tgz 0ms (cache hit)
2216 http cache luxon@https://registry.npmjs.org/luxon/-/luxon-3.7.2.tgz 0ms (cache hit)
2217 http cache form-data@https://registry.npmjs.org/form-data/-/form-data-4.0.5.tgz 0ms (cache hit)
2218 http cache @vercel/static-build@https://registry.npmjs.org/@vercel/static-build/-/static-build-2.9.30.tgz 0ms (cache hit)
2219 http cache @vercel/ruby@https://registry.npmjs.org/@vercel/ruby/-/ruby-2.3.2.tgz 0ms (cache hit)
2220 http cache @vercel/rust@https://registry.npmjs.org/@vercel/rust/-/rust-1.2.0.tgz 0ms (cache hit)
2221 http cache chokidar@https://registry.npmjs.org/chokidar/-/chokidar-4.0.0.tgz 0ms (cache hit)
2222 http cache @vercel/remix-builder@https://registry.npmjs.org/@vercel/remix-builder/-/remix-builder-5.8.2.tgz 0ms (cache hit)
2223 http cache @vercel/redwood@https://registry.npmjs.org/@vercel/redwood/-/redwood-2.4.13.tgz 0ms (cache hit)
2224 http cache @vercel/prepare-flags-definitions@https://registry.npmjs.org/@vercel/prepare-flags-definitions/-/prepare-flags-definitions-0.2.1.tgz 0ms (cache hit)
2225 http cache @vercel/python@https://registry.npmjs.org/@vercel/python/-/python-6.43.1.tgz 0ms (cache hit)
2226 http cache @vercel/next@https://registry.npmjs.org/@vercel/next/-/next-4.17.4.tgz 0ms (cache hit)
2227 http cache @vercel/node@https://registry.npmjs.org/@vercel/node/-/node-5.8.4.tgz 0ms (cache hit)
2228 http cache @vercel/nestjs@https://registry.npmjs.org/@vercel/nestjs/-/nestjs-0.2.84.tgz 0ms (cache hit)
2229 http cache @vercel/hydrogen@https://registry.npmjs.org/@vercel/hydrogen/-/hydrogen-1.3.7.tgz 0ms (cache hit)
2230 http cache @vercel/hono@https://registry.npmjs.org/@vercel/hono/-/hono-0.2.83.tgz 0ms (cache hit)
2231 http cache @vercel/h3@https://registry.npmjs.org/@vercel/h3/-/h3-0.1.89.tgz 0ms (cache hit)
2232 http cache @vercel/koa@https://registry.npmjs.org/@vercel/koa/-/koa-0.1.63.tgz 0ms (cache hit)
2233 http cache @vercel/fun@https://registry.npmjs.org/@vercel/fun/-/fun-1.3.0.tgz 0ms (cache hit)
2234 http cache @vercel/go@https://registry.npmjs.org/@vercel/go/-/go-3.7.1.tgz 0ms (cache hit)
2235 http cache @vercel/fastify@https://registry.npmjs.org/@vercel/fastify/-/fastify-0.1.83.tgz 0ms (cache hit)
2236 http cache @vercel/elysia@https://registry.npmjs.org/@vercel/elysia/-/elysia-0.1.80.tgz 0ms (cache hit)
2237 http cache @vercel/express@https://registry.npmjs.org/@vercel/express/-/express-0.1.90.tgz 0ms (cache hit)
2238 http cache @vercel/detect-agent@https://registry.npmjs.org/@vercel/detect-agent/-/detect-agent-1.2.3.tgz 0ms (cache hit)
2239 http cache @vercel/cli-config@https://registry.npmjs.org/@vercel/cli-config/-/cli-config-0.1.2.tgz 0ms (cache hit)
2240 http cache @vercel/build-utils@https://registry.npmjs.org/@vercel/build-utils/-/build-utils-13.26.1.tgz 0ms (cache hit)
2241 http cache vercel@https://registry.npmjs.org/vercel/-/vercel-54.4.1.tgz 0ms (cache hit)
2242 http cache @vercel/blob@https://registry.npmjs.org/@vercel/blob/-/blob-2.4.0.tgz 0ms (cache hit)
2243 http cache @vercel/backends@https://registry.npmjs.org/@vercel/backends/-/backends-0.7.2.tgz 0ms (cache hit)
2244 http cache zod@https://registry.npmjs.org/zod/-/zod-3.24.4.tgz 0ms (cache hit)
2245 http cache picomatch@https://registry.npmjs.org/picomatch/-/picomatch-2.3.2.tgz 0ms (cache hit)
2246 http cache fsevents@https://registry.npmjs.org/fsevents/-/fsevents-2.3.3.tgz 0ms (cache hit)
2247 http cache xdg-app-paths@https://registry.npmjs.org/xdg-app-paths/-/xdg-app-paths-5.1.0.tgz 0ms (cache hit)
2248 http cache undici@https://registry.npmjs.org/undici/-/undici-7.26.0.tgz 0ms (cache hit)
2249 http cache minimatch@https://registry.npmjs.org/minimatch/-/minimatch-3.1.5.tgz 0ms (cache hit)
2250 http cache @esbuild/darwin-x64@https://registry.npmjs.org/@esbuild/darwin-x64/-/darwin-x64-0.27.0.tgz 0ms (cache hit)
2251 http cache lru-cache@https://registry.npmjs.org/lru-cache/-/lru-cache-11.5.0.tgz 0ms (cache hit)
2252 http cache picocolors@https://registry.npmjs.org/picocolors/-/picocolors-1.0.0.tgz 0ms (cache hit)
2253 http cache async-listen@https://registry.npmjs.org/async-listen/-/async-listen-3.0.1.tgz 0ms (cache hit)
2254 http cache esbuild@https://registry.npmjs.org/esbuild/-/esbuild-0.27.0.tgz 0ms (cache hit)
2255 http cache balanced-match@https://registry.npmjs.org/balanced-match/-/balanced-match-4.0.4.tgz 0ms (cache hit)
2256 http cache brace-expansion@https://registry.npmjs.org/brace-expansion/-/brace-expansion-5.0.6.tgz 0ms (cache hit)
2257 http cache minimatch@https://registry.npmjs.org/minimatch/-/minimatch-10.2.5.tgz 0ms (cache hit)
2258 http cache semver@https://registry.npmjs.org/semver/-/semver-7.8.1.tgz 0ms (cache hit)
2259 http cache end-of-stream@https://registry.npmjs.org/end-of-stream/-/end-of-stream-1.1.0.tgz 0ms (cache hit)
2260 http cache once@https://registry.npmjs.org/once/-/once-1.3.3.tgz 0ms (cache hit)
2261 http cache yallist@https://registry.npmjs.org/yallist/-/yallist-5.0.0.tgz 0ms (cache hit)
2262 http cache fs-extra@https://registry.npmjs.org/fs-extra/-/fs-extra-11.1.1.tgz 0ms (cache hit)
2263 http cache zod@https://registry.npmjs.org/zod/-/zod-3.22.4.tgz 0ms (cache hit)
2264 http cache @esbuild/darwin-x64@https://registry.npmjs.org/@esbuild/darwin-x64/-/darwin-x64-0.27.7.tgz 0ms (cache hit)
2265 http cache esbuild@https://registry.npmjs.org/esbuild/-/esbuild-0.27.7.tgz 0ms (cache hit)
2266 http cache signal-exit@https://registry.npmjs.org/signal-exit/-/signal-exit-3.0.7.tgz 0ms (cache hit)
2267 http cache @rolldown/pluginutils@https://registry.npmjs.org/@rolldown/pluginutils/-/pluginutils-1.0.0-rc.1.tgz 0ms (cache hit)
2268 http cache lru-cache@https://registry.npmjs.org/lru-cache/-/lru-cache-7.18.3.tgz 0ms (cache hit)
2269 http cache human-signals@https://registry.npmjs.org/human-signals/-/human-signals-2.1.0.tgz 0ms (cache hit)
2270 http cache get-stream@https://registry.npmjs.org/get-stream/-/get-stream-6.0.1.tgz 0ms (cache hit)
2271 http cache path-to-regexp@https://registry.npmjs.org/path-to-regexp/-/path-to-regexp-6.1.0.tgz 0ms (cache hit)
2272 http cache undici@https://registry.npmjs.org/undici/-/undici-5.28.4.tgz 0ms (cache hit)
2273 http cache execa@https://registry.npmjs.org/execa/-/execa-5.1.1.tgz 0ms (cache hit)
2274 http cache path-to-regexp@https://registry.npmjs.org/path-to-regexp/-/path-to-regexp-6.1.0.tgz 0ms (cache hit)
2275 http cache @esbuild/darwin-x64@https://registry.npmjs.org/@esbuild/darwin-x64/-/darwin-x64-0.27.0.tgz 0ms (cache hit)
2276 http cache esbuild@https://registry.npmjs.org/esbuild/-/esbuild-0.27.0.tgz 0ms (cache hit)
2277 http cache node-fetch@https://registry.npmjs.org/node-fetch/-/node-fetch-2.6.9.tgz 0ms (cache hit)
2278 http cache es-module-lexer@https://registry.npmjs.org/es-module-lexer/-/es-module-lexer-1.4.1.tgz 0ms (cache hit)
2279 http cache async-listen@https://registry.npmjs.org/async-listen/-/async-listen-3.0.0.tgz 0ms (cache hit)
2280 http cache lru-cache@https://registry.npmjs.org/lru-cache/-/lru-cache-6.0.0.tgz 0ms (cache hit)
2281 http cache yallist@https://registry.npmjs.org/yallist/-/yallist-4.0.0.tgz 0ms (cache hit)
2282 http cache xdg-app-paths@https://registry.npmjs.org/xdg-app-paths/-/xdg-app-paths-5.1.0.tgz 0ms (cache hit)
2283 http cache zod@https://registry.npmjs.org/zod/-/zod-3.22.4.tgz 0ms (cache hit)
2284 http cache path-to-regexp@https://registry.npmjs.org/path-to-regexp/-/path-to-regexp-8.2.0.tgz 0ms (cache hit)
2285 http cache semver@https://registry.npmjs.org/semver/-/semver-7.5.4.tgz 0ms (cache hit)
2286 http cache ms@https://registry.npmjs.org/ms/-/ms-2.1.1.tgz 0ms (cache hit)
2287 http cache ms@https://registry.npmjs.org/ms/-/ms-2.1.2.tgz 0ms (cache hit)
2288 http cache debug@https://registry.npmjs.org/debug/-/debug-4.3.4.tgz 0ms (cache hit)
2289 http cache signal-exit@https://registry.npmjs.org/signal-exit/-/signal-exit-3.0.7.tgz 0ms (cache hit)
2290 http cache zod@https://registry.npmjs.org/zod/-/zod-3.22.4.tgz 0ms (cache hit)
2291 http cache zod@https://registry.npmjs.org/zod/-/zod-3.22.4.tgz 0ms (cache hit)
2292 silly tarball no local data for @fastify/busboy@https://registry.npmjs.org/@fastify/busboy/-/busboy-2.1.1.tgz. Extracting by manifest.
2293 silly tarball no local data for balanced-match@https://registry.npmjs.org/balanced-match/-/balanced-match-1.0.2.tgz. Extracting by manifest.
2294 silly tarball no local data for brace-expansion@https://registry.npmjs.org/brace-expansion/-/brace-expansion-1.1.14.tgz. Extracting by manifest.
2295 silly tarball no local data for pend@https://registry.npmjs.org/pend/-/pend-1.2.0.tgz. Extracting by manifest.
2296 silly tarball no local data for concat-map@https://registry.npmjs.org/concat-map/-/concat-map-0.0.1.tgz. Extracting by manifest.
2297 silly tarball no local data for events-intercept@https://registry.npmjs.org/events-intercept/-/events-intercept-2.0.0.tgz. Extracting by manifest.
2298 silly tarball no local data for buffer-crc32@https://registry.npmjs.org/buffer-crc32/-/buffer-crc32-0.2.13.tgz. Extracting by manifest.
2299 http cache esbuild@https://registry.npmjs.org/esbuild/-/esbuild-0.27.0.tgz 0ms (cache hit)
2300 silly tarball no local data for fd-slicer@https://registry.npmjs.org/fd-slicer/-/fd-slicer-1.1.0.tgz. Extracting by manifest.
2301 silly tarball no local data for yauzl-clone@https://registry.npmjs.org/yauzl-clone/-/yauzl-clone-1.0.4.tgz. Extracting by manifest.
2302 silly tarball no local data for xdg-portable@https://registry.npmjs.org/xdg-portable/-/xdg-portable-7.3.0.tgz. Extracting by manifest.
2303 silly tarball no local data for os-paths@https://registry.npmjs.org/os-paths/-/os-paths-4.4.0.tgz. Extracting by manifest.
2304 silly tarball no local data for webidl-conversions@https://registry.npmjs.org/webidl-conversions/-/webidl-conversions-3.0.1.tgz. Extracting by manifest.
2305 silly tarball no local data for isexe@https://registry.npmjs.org/isexe/-/isexe-2.0.0.tgz. Extracting by manifest.
2306 silly tarball no local data for tr46@https://registry.npmjs.org/tr46/-/tr46-0.0.3.tgz. Extracting by manifest.
2307 silly tarball no local data for punycode@https://registry.npmjs.org/punycode/-/punycode-2.3.1.tgz. Extracting by manifest.
2308 silly tarball no local data for resolve-pkg-maps@https://registry.npmjs.org/resolve-pkg-maps/-/resolve-pkg-maps-1.0.0.tgz. Extracting by manifest.
2309 silly tarball no local data for yauzl@https://registry.npmjs.org/yauzl/-/yauzl-2.10.0.tgz. Extracting by manifest.
2310 silly tarball no local data for is-number@https://registry.npmjs.org/is-number/-/is-number-7.0.0.tgz. Extracting by manifest.
2311 silly tarball no local data for get-tsconfig@https://registry.npmjs.org/get-tsconfig/-/get-tsconfig-4.14.0.tgz. Extracting by manifest.
2312 silly tarball no local data for to-regex-range@https://registry.npmjs.org/to-regex-range/-/to-regex-range-5.0.1.tgz. Extracting by manifest.
2313 silly tarball no local data for fill-range@https://registry.npmjs.org/fill-range/-/fill-range-7.1.1.tgz. Extracting by manifest.
2314 silly tarball no local data for braces@https://registry.npmjs.org/braces/-/braces-3.0.3.tgz. Extracting by manifest.
2315 silly tarball no local data for queue-microtask@https://registry.npmjs.org/queue-microtask/-/queue-microtask-1.2.3.tgz. Extracting by manifest.
2316 silly tarball no local data for is-glob@https://registry.npmjs.org/is-glob/-/is-glob-4.0.3.tgz. Extracting by manifest.
2317 silly tarball no local data for is-extglob@https://registry.npmjs.org/is-extglob/-/is-extglob-2.1.1.tgz. Extracting by manifest.
2318 silly tarball no local data for reusify@https://registry.npmjs.org/reusify/-/reusify-1.1.0.tgz. Extracting by manifest.
2319 silly tarball no local data for fastq@https://registry.npmjs.org/fastq/-/fastq-1.20.1.tgz. Extracting by manifest.
2320 silly tarball no local data for run-parallel@https://registry.npmjs.org/run-parallel/-/run-parallel-1.2.0.tgz. Extracting by manifest.
2321 silly tarball no local data for micromatch@https://registry.npmjs.org/micromatch/-/micromatch-4.0.8.tgz. Extracting by manifest.
2322 silly tarball no local data for merge2@https://registry.npmjs.org/merge2/-/merge2-1.4.1.tgz. Extracting by manifest.
2323 silly tarball no local data for glob-parent@https://registry.npmjs.org/glob-parent/-/glob-parent-5.1.2.tgz. Extracting by manifest.
2324 silly tarball no local data for @nodelib/fs.scandir@https://registry.npmjs.org/@nodelib/fs.scandir/-/fs.scandir-2.1.5.tgz. Extracting by manifest.
2325 silly tarball no local data for path-browserify@https://registry.npmjs.org/path-browserify/-/path-browserify-1.0.1.tgz. Extracting by manifest.
2326 silly tarball no local data for @nodelib/fs.stat@https://registry.npmjs.org/@nodelib/fs.stat/-/fs.stat-2.0.5.tgz. Extracting by manifest.
2327 silly tarball no local data for mkdirp@https://registry.npmjs.org/mkdirp/-/mkdirp-1.0.4.tgz. Extracting by manifest.
2328 silly tarball no local data for fast-glob@https://registry.npmjs.org/fast-glob/-/fast-glob-3.3.3.tgz. Extracting by manifest.
2329 silly tarball no local data for @nodelib/fs.walk@https://registry.npmjs.org/@nodelib/fs.walk/-/fs.walk-1.2.8.tgz. Extracting by manifest.
2330 silly tarball no local data for @ts-morph/common@https://registry.npmjs.org/@ts-morph/common/-/common-0.11.1.tgz. Extracting by manifest.
2331 silly tarball no local data for convert-hrtime@https://registry.npmjs.org/convert-hrtime/-/convert-hrtime-3.0.0.tgz. Extracting by manifest.
2332 silly tarball no local data for text-decoder@https://registry.npmjs.org/text-decoder/-/text-decoder-1.2.7.tgz. Extracting by manifest.
2333 silly tarball no local data for code-block-writer@https://registry.npmjs.org/code-block-writer/-/code-block-writer-10.1.1.tgz. Extracting by manifest.
2334 silly tarball no local data for events-universal@https://registry.npmjs.org/events-universal/-/events-universal-1.0.1.tgz. Extracting by manifest.
2335 silly tarball no local data for bare-events@https://registry.npmjs.org/bare-events/-/bare-events-2.8.3.tgz. Extracting by manifest.
2336 silly tarball no local data for fast-fifo@https://registry.npmjs.org/fast-fifo/-/fast-fifo-1.3.2.tgz. Extracting by manifest.
2337 silly tarball no local data for streamx@https://registry.npmjs.org/streamx/-/streamx-2.25.0.tgz. Extracting by manifest.
2338 silly tarball no local data for b4a@https://registry.npmjs.org/b4a/-/b4a-1.8.1.tgz. Extracting by manifest.
2339 silly tarball no local data for minizlib@https://registry.npmjs.org/minizlib/-/minizlib-3.1.0.tgz. Extracting by manifest.
2340 silly tarball no local data for chownr@https://registry.npmjs.org/chownr/-/chownr-3.0.0.tgz. Extracting by manifest.
2341 silly tarball no local data for @isaacs/fs-minipass@https://registry.npmjs.org/@isaacs/fs-minipass/-/fs-minipass-4.0.1.tgz. Extracting by manifest.
2342 silly tarball no local data for stream-to-array@https://registry.npmjs.org/stream-to-array/-/stream-to-array-2.3.0.tgz. Extracting by manifest.
2343 silly tarball no local data for any-promise@https://registry.npmjs.org/any-promise/-/any-promise-1.3.0.tgz. Extracting by manifest.
2344 silly tarball no local data for smart-buffer@https://registry.npmjs.org/smart-buffer/-/smart-buffer-4.2.0.tgz. Extracting by manifest.
2345 silly tarball no local data for cookie-es@https://registry.npmjs.org/cookie-es/-/cookie-es-2.0.1.tgz. Extracting by manifest.
2346 silly tarball no local data for ip-address@https://registry.npmjs.org/ip-address/-/ip-address-10.2.0.tgz. Extracting by manifest.
2347 silly tarball no local data for socks@https://registry.npmjs.org/socks/-/socks-2.8.9.tgz. Extracting by manifest.
2348 silly tarball no local data for tar-stream@https://registry.npmjs.org/tar-stream/-/tar-stream-3.1.7.tgz. Extracting by manifest.
2349 silly tarball no local data for shebang-regex@https://registry.npmjs.org/shebang-regex/-/shebang-regex-3.0.0.tgz. Extracting by manifest.
2350 silly tarball no local data for jsonlines@https://registry.npmjs.org/jsonlines/-/jsonlines-0.1.1.tgz. Extracting by manifest.
2351 silly tarball no local data for @vercel/sandbox@https://registry.npmjs.org/@vercel/sandbox/-/sandbox-1.9.0.tgz. Extracting by manifest.
2352 silly tarball no local data for @vercel/oidc@https://registry.npmjs.org/@vercel/oidc/-/oidc-3.2.0.tgz. Extracting by manifest.
2353 silly tarball no local data for @oxc-project/types@https://registry.npmjs.org/@oxc-project/types/-/types-0.110.0.tgz. Extracting by manifest.
2354 silly tarball no local data for @rolldown/binding-darwin-x64@https://registry.npmjs.org/@rolldown/binding-darwin-x64/-/binding-darwin-x64-1.0.0-rc.1.tgz. Extracting by manifest.
2355 silly tarball no local data for toidentifier@https://registry.npmjs.org/toidentifier/-/toidentifier-1.0.0.tgz. Extracting by manifest.
2356 silly tarball no local data for safer-buffer@https://registry.npmjs.org/safer-buffer/-/safer-buffer-2.1.2.tgz. Extracting by manifest.
2357 silly tarball no local data for statuses@https://registry.npmjs.org/statuses/-/statuses-1.5.0.tgz. Extracting by manifest.
2358 silly tarball no local data for setprototypeof@https://registry.npmjs.org/setprototypeof/-/setprototypeof-1.1.1.tgz. Extracting by manifest.
2359 silly tarball no local data for depd@https://registry.npmjs.org/depd/-/depd-1.1.2.tgz. Extracting by manifest.
2360 silly tarball no local data for inherits@https://registry.npmjs.org/inherits/-/inherits-2.0.4.tgz. Extracting by manifest.
2361 silly tarball no local data for unpipe@https://registry.npmjs.org/unpipe/-/unpipe-1.0.0.tgz. Extracting by manifest.
2362 silly tarball no local data for iconv-lite@https://registry.npmjs.org/iconv-lite/-/iconv-lite-0.4.24.tgz. Extracting by manifest.
2363 silly tarball no local data for http-errors@https://registry.npmjs.org/http-errors/-/http-errors-1.7.3.tgz. Extracting by manifest.
2364 silly tarball no local data for once@https://registry.npmjs.org/once/-/once-1.4.0.tgz. Extracting by manifest.
2365 silly tarball no local data for bytes@https://registry.npmjs.org/bytes/-/bytes-3.1.0.tgz. Extracting by manifest.
2366 silly tarball no local data for source-map@https://registry.npmjs.org/source-map/-/source-map-0.6.1.tgz. Extracting by manifest.
2367 silly tarball no local data for wrappy@https://registry.npmjs.org/wrappy/-/wrappy-1.0.2.tgz. Extracting by manifest.
2368 silly tarball no local data for end-of-stream@https://registry.npmjs.org/end-of-stream/-/end-of-stream-1.4.5.tgz. Extracting by manifest.
2369 silly tarball no local data for estraverse@https://registry.npmjs.org/estraverse/-/estraverse-5.3.0.tgz. Extracting by manifest.
2370 silly tarball no local data for ast-types@https://registry.npmjs.org/ast-types/-/ast-types-0.13.4.tgz. Extracting by manifest.
2371 silly tarball no local data for esutils@https://registry.npmjs.org/esutils/-/esutils-2.0.3.tgz. Extracting by manifest.
2372 silly tarball no local data for esprima@https://registry.npmjs.org/esprima/-/esprima-4.0.1.tgz. Extracting by manifest.
2373 silly tarball no local data for degenerator@https://registry.npmjs.org/degenerator/-/degenerator-5.0.1.tgz. Extracting by manifest.
2374 silly tarball no local data for netmask@https://registry.npmjs.org/netmask/-/netmask-2.1.1.tgz. Extracting by manifest.
2375 silly tarball no local data for basic-ftp@https://registry.npmjs.org/basic-ftp/-/basic-ftp-5.3.1.tgz. Extracting by manifest.
2376 silly tarball no local data for escodegen@https://registry.npmjs.org/escodegen/-/escodegen-2.1.0.tgz. Extracting by manifest.
2377 silly tarball no local data for data-uri-to-buffer@https://registry.npmjs.org/data-uri-to-buffer/-/data-uri-to-buffer-6.0.2.tgz. Extracting by manifest.
2378 http cache @esbuild/darwin-x64@https://registry.npmjs.org/@esbuild/darwin-x64/-/darwin-x64-0.27.0.tgz 0ms (cache hit)
2379 silly tarball no local data for pac-resolver@https://registry.npmjs.org/pac-resolver/-/pac-resolver-7.0.1.tgz. Extracting by manifest.
2380 silly tarball no local data for @tootallnate/quickjs-emscripten@https://registry.npmjs.org/@tootallnate/quickjs-emscripten/-/quickjs-emscripten-0.23.0.tgz. Extracting by manifest.
2381 silly tarball no local data for get-uri@https://registry.npmjs.org/get-uri/-/get-uri-6.0.5.tgz. Extracting by manifest.
2382 silly tarball no local data for pac-proxy-agent@https://registry.npmjs.org/pac-proxy-agent/-/pac-proxy-agent-7.2.0.tgz. Extracting by manifest.
2383 silly tarball no local data for proxy-from-env@https://registry.npmjs.org/proxy-from-env/-/proxy-from-env-1.1.0.tgz. Extracting by manifest.
2384 silly tarball no local data for socks-proxy-agent@https://registry.npmjs.org/socks-proxy-agent/-/socks-proxy-agent-8.0.5.tgz. Extracting by manifest.
2385 silly tarball no local data for parse-ms@https://registry.npmjs.org/parse-ms/-/parse-ms-2.1.0.tgz. Extracting by manifest.
2386 silly tarball no local data for http-proxy-agent@https://registry.npmjs.org/http-proxy-agent/-/http-proxy-agent-7.0.2.tgz. Extracting by manifest.
2387 silly tarball no local data for tslib@https://registry.npmjs.org/tslib/-/tslib-2.8.1.tgz. Extracting by manifest.
2388 silly tarball no local data for mimic-fn@https://registry.npmjs.org/mimic-fn/-/mimic-fn-2.1.0.tgz. Extracting by manifest.
2389 silly tarball no local data for @napi-rs/wasm-runtime@https://registry.npmjs.org/@napi-rs/wasm-runtime/-/wasm-runtime-1.1.4.tgz. Extracting by manifest.
2390 silly tarball no local data for abbrev@https://registry.npmjs.org/abbrev/-/abbrev-3.0.1.tgz. Extracting by manifest.
2391 silly tarball no local data for @tybys/wasm-util@https://registry.npmjs.org/@tybys/wasm-util/-/wasm-util-0.10.2.tgz. Extracting by manifest.
2392 silly tarball no local data for whatwg-url@https://registry.npmjs.org/whatwg-url/-/whatwg-url-5.0.0.tgz. Extracting by manifest.
2393 silly tarball no local data for @oxc-transform/binding-darwin-x64@https://registry.npmjs.org/@oxc-transform/binding-darwin-x64/-/binding-darwin-x64-0.111.0.tgz. Extracting by manifest.
2394 silly tarball no local data for @isaacs/balanced-match@https://registry.npmjs.org/@isaacs/balanced-match/-/balanced-match-4.0.1.tgz. Extracting by manifest.
2395 silly tarball no local data for raw-body@https://registry.npmjs.org/raw-body/-/raw-body-2.4.1.tgz. Extracting by manifest.
2396 silly tarball no local data for @isaacs/brace-expansion@https://registry.npmjs.org/@isaacs/brace-expansion/-/brace-expansion-5.0.1.tgz. Extracting by manifest.
2397 silly tarball no local data for content-type@https://registry.npmjs.org/content-type/-/content-type-1.0.4.tgz. Extracting by manifest.
2398 silly tarball no local data for mime-db@https://registry.npmjs.org/mime-db/-/mime-db-1.52.0.tgz. Extracting by manifest.
2399 silly tarball no local data for ts-toolbelt@https://registry.npmjs.org/ts-toolbelt/-/ts-toolbelt-6.15.5.tgz. Extracting by manifest.
2400 silly tarball no local data for @types/json-schema@https://registry.npmjs.org/@types/json-schema/-/json-schema-7.0.15.tgz. Extracting by manifest.
2401 silly tarball no local data for argparse@https://registry.npmjs.org/argparse/-/argparse-2.0.1.tgz. Extracting by manifest.
2402 silly tarball no local data for agent-base@https://registry.npmjs.org/agent-base/-/agent-base-7.1.4.tgz. Extracting by manifest.
2403 silly tarball no local data for arg@https://registry.npmjs.org/arg/-/arg-4.1.0.tgz. Extracting by manifest.
2404 silly tarball no local data for path-scurry@https://registry.npmjs.org/path-scurry/-/path-scurry-2.0.2.tgz. Extracting by manifest.
2405 silly tarball no local data for minipass@https://registry.npmjs.org/minipass/-/minipass-7.1.3.tgz. Extracting by manifest.
2406 silly tarball no local data for math-intrinsics@https://registry.npmjs.org/math-intrinsics/-/math-intrinsics-1.1.0.tgz. Extracting by manifest.
2407 silly tarball no local data for dunder-proto@https://registry.npmjs.org/dunder-proto/-/dunder-proto-1.0.1.tgz. Extracting by manifest.
2408 silly tarball no local data for get-proto@https://registry.npmjs.org/get-proto/-/get-proto-1.0.1.tgz. Extracting by manifest.
2409 silly tarball no local data for has-symbols@https://registry.npmjs.org/has-symbols/-/has-symbols-1.1.0.tgz. Extracting by manifest.
2410 silly tarball no local data for pump@https://registry.npmjs.org/pump/-/pump-3.0.4.tgz. Extracting by manifest.
2411 silly tarball no local data for es-object-atoms@https://registry.npmjs.org/es-object-atoms/-/es-object-atoms-1.1.2.tgz. Extracting by manifest.
2412 silly tarball no local data for gopd@https://registry.npmjs.org/gopd/-/gopd-1.2.0.tgz. Extracting by manifest.
2413 silly tarball no local data for function-bind@https://registry.npmjs.org/function-bind/-/function-bind-1.1.2.tgz. Extracting by manifest.
2414 silly tarball no local data for es-define-property@https://registry.npmjs.org/es-define-property/-/es-define-property-1.0.1.tgz. Extracting by manifest.
2415 silly tarball no local data for universalify@https://registry.npmjs.org/universalify/-/universalify-2.0.1.tgz. Extracting by manifest.
2416 silly tarball no local data for call-bind-apply-helpers@https://registry.npmjs.org/call-bind-apply-helpers/-/call-bind-apply-helpers-1.0.2.tgz. Extracting by manifest.
2417 silly tarball no local data for jsonfile@https://registry.npmjs.org/jsonfile/-/jsonfile-6.2.1.tgz. Extracting by manifest.
2418 silly tarball no local data for has-tostringtag@https://registry.npmjs.org/has-tostringtag/-/has-tostringtag-1.0.2.tgz. Extracting by manifest.
2419 silly tarball no local data for get-intrinsic@https://registry.npmjs.org/get-intrinsic/-/get-intrinsic-1.3.0.tgz. Extracting by manifest.
2420 silly tarball no local data for hasown@https://registry.npmjs.org/hasown/-/hasown-2.0.3.tgz. Extracting by manifest.
2421 silly tarball no local data for delayed-stream@https://registry.npmjs.org/delayed-stream/-/delayed-stream-1.0.0.tgz. Extracting by manifest.
2422 silly tarball no local data for asynckit@https://registry.npmjs.org/asynckit/-/asynckit-0.4.0.tgz. Extracting by manifest.
2423 silly tarball no local data for es-set-tostringtag@https://registry.npmjs.org/es-set-tostringtag/-/es-set-tostringtag-2.1.0.tgz. Extracting by manifest.
2424 silly tarball no local data for path-key@https://registry.npmjs.org/path-key/-/path-key-3.1.1.tgz. Extracting by manifest.
2425 silly tarball no local data for which@https://registry.npmjs.org/which/-/which-2.0.2.tgz. Extracting by manifest.
2426 silly tarball no local data for strip-final-newline@https://registry.npmjs.org/strip-final-newline/-/strip-final-newline-2.0.0.tgz. Extracting by manifest.
2427 silly tarball no local data for p-finally@https://registry.npmjs.org/p-finally/-/p-finally-2.0.1.tgz. Extracting by manifest.
2428 silly tarball no local data for shebang-command@https://registry.npmjs.org/shebang-command/-/shebang-command-2.0.0.tgz. Extracting by manifest.
2429 silly tarball no local data for onetime@https://registry.npmjs.org/onetime/-/onetime-5.1.2.tgz. Extracting by manifest.
2430 silly tarball no local data for npm-run-path@https://registry.npmjs.org/npm-run-path/-/npm-run-path-4.0.1.tgz. Extracting by manifest.
2431 silly tarball no local data for merge-stream@https://registry.npmjs.org/merge-stream/-/merge-stream-2.0.0.tgz. Extracting by manifest.
2432 silly tarball no local data for is-stream@https://registry.npmjs.org/is-stream/-/is-stream-2.0.1.tgz. Extracting by manifest.
2433 silly tarball no local data for human-signals@https://registry.npmjs.org/human-signals/-/human-signals-1.1.1.tgz. Extracting by manifest.
2434 silly tarball no local data for combined-stream@https://registry.npmjs.org/combined-stream/-/combined-stream-1.0.8.tgz. Extracting by manifest.
2435 silly tarball no local data for es-errors@https://registry.npmjs.org/es-errors/-/es-errors-1.3.0.tgz. Extracting by manifest.
2436 silly tarball no local data for get-stream@https://registry.npmjs.org/get-stream/-/get-stream-5.2.0.tgz. Extracting by manifest.
2437 silly tarball no local data for cross-spawn@https://registry.npmjs.org/cross-spawn/-/cross-spawn-7.0.6.tgz. Extracting by manifest.
2438 silly tarball no local data for time-span@https://registry.npmjs.org/time-span/-/time-span-4.0.0.tgz. Extracting by manifest.
2439 silly tarball no local data for signal-exit@https://registry.npmjs.org/signal-exit/-/signal-exit-4.0.2.tgz. Extracting by manifest.
2440 silly tarball no local data for mri@https://registry.npmjs.org/mri/-/mri-1.2.0.tgz. Extracting by manifest.
2441 silly tarball no local data for @edge-runtime/ponyfill@https://registry.npmjs.org/@edge-runtime/ponyfill/-/ponyfill-2.4.2.tgz. Extracting by manifest.
2442 silly tarball no local data for @edge-runtime/format@https://registry.npmjs.org/@edge-runtime/format/-/format-2.2.1.tgz. Extracting by manifest.
2443 silly tarball no local data for readdirp@https://registry.npmjs.org/readdirp/-/readdirp-4.1.2.tgz. Extracting by manifest.
2444 silly tarball no local data for file-uri-to-path@https://registry.npmjs.org/file-uri-to-path/-/file-uri-to-path-1.0.0.tgz. Extracting by manifest.
2445 silly tarball no local data for uri-js@https://registry.npmjs.org/uri-js/-/uri-js-4.4.1.tgz. Extracting by manifest.
2446 silly tarball no local data for require-from-string@https://registry.npmjs.org/require-from-string/-/require-from-string-2.0.2.tgz. Extracting by manifest.
2447 silly tarball no local data for pretty-ms@https://registry.npmjs.org/pretty-ms/-/pretty-ms-7.0.1.tgz. Extracting by manifest.
2448 silly tarball no local data for json-schema-to-ts@https://registry.npmjs.org/json-schema-to-ts/-/json-schema-to-ts-1.6.4.tgz. Extracting by manifest.
2449 silly tarball no local data for retry@https://registry.npmjs.org/retry/-/retry-0.13.1.tgz. Extracting by manifest.
2450 silly tarball no local data for json-schema-traverse@https://registry.npmjs.org/json-schema-traverse/-/json-schema-traverse-1.0.0.tgz. Extracting by manifest.
2451 silly tarball no local data for fast-deep-equal@https://registry.npmjs.org/fast-deep-equal/-/fast-deep-equal-3.1.3.tgz. Extracting by manifest.
2452 silly tarball no local data for ajv@https://registry.npmjs.org/ajv/-/ajv-8.6.3.tgz. Extracting by manifest.
2453 silly tarball no local data for web-vitals@https://registry.npmjs.org/web-vitals/-/web-vitals-0.2.4.tgz. Extracting by manifest.
2454 silly tarball no local data for @vercel/gatsby-plugin-vercel-analytics@https://registry.npmjs.org/@vercel/gatsby-plugin-vercel-analytics/-/gatsby-plugin-vercel-analytics-1.0.11.tgz. Extracting by manifest.
2455 silly tarball no local data for @sinclair/typebox@https://registry.npmjs.org/@sinclair/typebox/-/typebox-0.25.24.tgz. Extracting by manifest.
2456 silly tarball no local data for @vercel/gatsby-plugin-vercel-builder@https://registry.npmjs.org/@vercel/gatsby-plugin-vercel-builder/-/gatsby-plugin-vercel-builder-2.2.7.tgz. Extracting by manifest.
2457 silly tarball no local data for minimatch@https://registry.npmjs.org/minimatch/-/minimatch-10.1.1.tgz. Extracting by manifest.
2458 silly tarball no local data for @renovatebot/pep440@https://registry.npmjs.org/@renovatebot/pep440/-/pep440-4.2.1.tgz. Extracting by manifest.
2459 silly tarball no local data for js-yaml@https://registry.npmjs.org/js-yaml/-/js-yaml-4.1.1.tgz. Extracting by manifest.
2460 silly tarball no local data for typescript@https://registry.npmjs.org/typescript/-/typescript-5.9.3.tgz. Extracting by manifest.
2461 silly tarball no local data for @bytecodealliance/preview2-shim@https://registry.npmjs.org/@bytecodealliance/preview2-shim/-/preview2-shim-0.17.6.tgz. Extracting by manifest.
2462 silly tarball no local data for path-to-regexp-updated@https://registry.npmjs.org/path-to-regexp/-/path-to-regexp-6.3.0.tgz. Extracting by manifest.
2463 silly tarball no local data for mime-types@https://registry.npmjs.org/mime-types/-/mime-types-2.1.35.tgz. Extracting by manifest.
2464 silly tarball no local data for @vercel/error-utils@https://registry.npmjs.org/@vercel/error-utils/-/error-utils-2.1.0.tgz. Extracting by manifest.
2465 silly tarball no local data for etag@https://registry.npmjs.org/etag/-/etag-1.8.1.tgz. Extracting by manifest.
2466 silly tarball no local data for edge-runtime@https://registry.npmjs.org/edge-runtime/-/edge-runtime-2.5.9.tgz. Extracting by manifest.
2467 silly tarball no local data for @edge-runtime/vm@https://registry.npmjs.org/@edge-runtime/vm/-/vm-3.2.0.tgz. Extracting by manifest.
2468 silly tarball no local data for @types/node@https://registry.npmjs.org/@types/node/-/node-20.11.0.tgz. Extracting by manifest.
2469 silly tarball no local data for undici-types@https://registry.npmjs.org/undici-types/-/undici-types-5.26.5.tgz. Extracting by manifest.
2470 silly tarball no local data for @edge-runtime/primitives@https://registry.npmjs.org/@edge-runtime/primitives/-/primitives-4.1.0.tgz. Extracting by manifest.
2471 silly tarball no local data for nopt@https://registry.npmjs.org/nopt/-/nopt-8.1.0.tgz. Extracting by manifest.
2472 silly tarball no local data for @edge-runtime/node-utils@https://registry.npmjs.org/@edge-runtime/node-utils/-/node-utils-2.3.0.tgz. Extracting by manifest.
2473 silly tarball no local data for https-proxy-agent@https://registry.npmjs.org/https-proxy-agent/-/https-proxy-agent-7.0.6.tgz. Extracting by manifest.
2474 silly tarball no local data for detect-libc@https://registry.npmjs.org/detect-libc/-/detect-libc-2.1.2.tgz. Extracting by manifest.
2475 silly tarball no local data for resolve-from@https://registry.npmjs.org/resolve-from/-/resolve-from-5.0.0.tgz. Extracting by manifest.
2476 silly tarball no local data for picomatch@https://registry.npmjs.org/picomatch/-/picomatch-4.0.4.tgz. Extracting by manifest.
2477 silly tarball no local data for consola@https://registry.npmjs.org/consola/-/consola-3.4.2.tgz. Extracting by manifest.
2478 silly tarball no local data for node-gyp-build@https://registry.npmjs.org/node-gyp-build/-/node-gyp-build-4.8.4.tgz. Extracting by manifest.
2479 silly tarball no local data for estree-walker@https://registry.npmjs.org/estree-walker/-/estree-walker-2.0.2.tgz. Extracting by manifest.
2480 silly tarball no local data for glob@https://registry.npmjs.org/glob/-/glob-13.0.6.tgz. Extracting by manifest.
2481 silly tarball no local data for bindings@https://registry.npmjs.org/bindings/-/bindings-1.5.0.tgz. Extracting by manifest.
2482 silly tarball no local data for async-sema@https://registry.npmjs.org/async-sema/-/async-sema-3.1.1.tgz. Extracting by manifest.
2483 silly tarball no local data for graceful-fs@https://registry.npmjs.org/graceful-fs/-/graceful-fs-4.2.11.tgz. Extracting by manifest.
2484 silly tarball no local data for acorn-import-attributes@https://registry.npmjs.org/acorn-import-attributes/-/acorn-import-attributes-1.9.5.tgz. Extracting by manifest.
2485 silly tarball no local data for acorn@https://registry.npmjs.org/acorn/-/acorn-8.16.0.tgz. Extracting by manifest.
2486 silly tarball no local data for uid-promise@https://registry.npmjs.org/uid-promise/-/uid-promise-1.0.0.tgz. Extracting by manifest.
2487 silly tarball no local data for @mapbox/node-pre-gyp@https://registry.npmjs.org/@mapbox/node-pre-gyp/-/node-pre-gyp-2.0.3.tgz. Extracting by manifest.
2488 silly tarball no local data for tree-kill@https://registry.npmjs.org/tree-kill/-/tree-kill-1.2.2.tgz. Extracting by manifest.
2489 silly tarball no local data for yauzl-promise@https://registry.npmjs.org/yauzl-promise/-/yauzl-promise-2.1.3.tgz. Extracting by manifest.
2490 silly tarball no local data for tinyexec@https://registry.npmjs.org/tinyexec/-/tinyexec-0.3.2.tgz. Extracting by manifest.
2491 silly tarball no local data for stream-to-promise@https://registry.npmjs.org/stream-to-promise/-/stream-to-promise-2.2.0.tgz. Extracting by manifest.
2492 silly tarball no local data for @rollup/pluginutils@https://registry.npmjs.org/@rollup/pluginutils/-/pluginutils-5.3.0.tgz. Extracting by manifest.
2493 silly tarball no local data for tar@https://registry.npmjs.org/tar/-/tar-7.5.7.tgz. Extracting by manifest.
2494 silly tarball no local data for promisepipe@https://registry.npmjs.org/promisepipe/-/promisepipe-3.0.0.tgz. Extracting by manifest.
2495 silly tarball no local data for stat-mode@https://registry.npmjs.org/stat-mode/-/stat-mode-0.3.0.tgz. Extracting by manifest.
2496 silly tarball no local data for micro@https://registry.npmjs.org/micro/-/micro-9.3.5-canary.3.tgz. Extracting by manifest.
2497 silly tarball no local data for node-fetch@https://registry.npmjs.org/node-fetch/-/node-fetch-2.6.7.tgz. Extracting by manifest.
2498 silly tarball no local data for generic-pool@https://registry.npmjs.org/generic-pool/-/generic-pool-3.4.2.tgz. Extracting by manifest.
2499 silly tarball no local data for async-listen@https://registry.npmjs.org/async-listen/-/async-listen-1.2.0.tgz. Extracting by manifest.
2500 silly tarball no local data for @tootallnate/once@https://registry.npmjs.org/@tootallnate/once/-/once-2.0.0.tgz. Extracting by manifest.
2501 silly tarball no local data for ts-morph@https://registry.npmjs.org/ts-morph/-/ts-morph-12.0.0.tgz. Extracting by manifest.
2502 silly tarball no local data for @vercel/static-config@https://registry.npmjs.org/@vercel/static-config/-/static-config-3.3.0.tgz. Extracting by manifest.
2503 silly tarball no local data for xdg-app-paths@https://registry.npmjs.org/xdg-app-paths/-/xdg-app-paths-5.5.1.tgz. Extracting by manifest.
2504 silly tarball no local data for @vercel/cervel@https://registry.npmjs.org/@vercel/cervel/-/cervel-0.1.7.tgz. Extracting by manifest.
2505 silly tarball no local data for es-module-lexer@https://registry.npmjs.org/es-module-lexer/-/es-module-lexer-1.5.0.tgz. Extracting by manifest.
2506 silly tarball no local data for cjs-module-lexer@https://registry.npmjs.org/cjs-module-lexer/-/cjs-module-lexer-1.2.3.tgz. Extracting by manifest.
2507 silly tarball no local data for @vercel/python-analysis@https://registry.npmjs.org/@vercel/python-analysis/-/python-analysis-0.11.1.tgz. Extracting by manifest.
2508 silly tarball no local data for throttleit@https://registry.npmjs.org/throttleit/-/throttleit-2.1.0.tgz. Extracting by manifest.
2509 silly tarball no local data for undici@https://registry.npmjs.org/undici/-/undici-6.26.0.tgz. Extracting by manifest.
2510 silly tarball no local data for async-retry@https://registry.npmjs.org/async-retry/-/async-retry-1.3.3.tgz. Extracting by manifest.
2511 silly tarball no local data for is-node-process@https://registry.npmjs.org/is-node-process/-/is-node-process-1.2.0.tgz. Extracting by manifest.
2512 silly tarball no local data for srvx@https://registry.npmjs.org/srvx/-/srvx-0.8.9.tgz. Extracting by manifest.
2513 silly tarball no local data for tsx@https://registry.npmjs.org/tsx/-/tsx-4.21.0.tgz. Extracting by manifest.
2514 silly tarball no local data for is-buffer@https://registry.npmjs.org/is-buffer/-/is-buffer-2.0.5.tgz. Extracting by manifest.
2515 silly tarball no local data for rolldown@https://registry.npmjs.org/rolldown/-/rolldown-1.0.0-rc.1.tgz. Extracting by manifest.
2516 silly tarball no local data for path-to-regexp@https://registry.npmjs.org/path-to-regexp/-/path-to-regexp-8.3.0.tgz. Extracting by manifest.
2517 silly tarball no local data for resolve.exports@https://registry.npmjs.org/resolve.exports/-/resolve.exports-2.0.3.tgz. Extracting by manifest.
2518 silly tarball no local data for zod@https://registry.npmjs.org/zod/-/zod-4.1.11.tgz. Extracting by manifest.
2519 silly tarball no local data for oxc-transform@https://registry.npmjs.org/oxc-transform/-/oxc-transform-0.111.0.tgz. Extracting by manifest.
2520 silly tarball no local data for fs-extra@https://registry.npmjs.org/fs-extra/-/fs-extra-11.1.0.tgz. Extracting by manifest.
2521 silly tarball no local data for execa@https://registry.npmjs.org/execa/-/execa-3.2.0.tgz. Extracting by manifest.
2522 silly tarball no local data for @vercel/nft@https://registry.npmjs.org/@vercel/nft/-/nft-1.5.0.tgz. Extracting by manifest.
2523 silly tarball no local data for proxy-agent@https://registry.npmjs.org/proxy-agent/-/proxy-agent-6.4.0.tgz. Extracting by manifest.
2524 silly tarball no local data for smol-toml@https://registry.npmjs.org/smol-toml/-/smol-toml-1.5.2.tgz. Extracting by manifest.
2525 silly tarball no local data for sandbox@https://registry.npmjs.org/sandbox/-/sandbox-2.5.6.tgz. Extracting by manifest.
2526 silly tarball no local data for jose@https://registry.npmjs.org/jose/-/jose-5.9.6.tgz. Extracting by manifest.
2527 silly tarball no local data for luxon@https://registry.npmjs.org/luxon/-/luxon-3.7.2.tgz. Extracting by manifest.
2528 silly tarball no local data for form-data@https://registry.npmjs.org/form-data/-/form-data-4.0.5.tgz. Extracting by manifest.
2529 silly tarball no local data for @vercel/static-build@https://registry.npmjs.org/@vercel/static-build/-/static-build-2.9.30.tgz. Extracting by manifest.
2530 silly tarball no local data for @vercel/ruby@https://registry.npmjs.org/@vercel/ruby/-/ruby-2.3.2.tgz. Extracting by manifest.
2531 silly tarball no local data for @vercel/rust@https://registry.npmjs.org/@vercel/rust/-/rust-1.2.0.tgz. Extracting by manifest.
2532 silly tarball no local data for chokidar@https://registry.npmjs.org/chokidar/-/chokidar-4.0.0.tgz. Extracting by manifest.
2533 silly tarball no local data for @vercel/remix-builder@https://registry.npmjs.org/@vercel/remix-builder/-/remix-builder-5.8.2.tgz. Extracting by manifest.
2534 silly tarball no local data for @vercel/redwood@https://registry.npmjs.org/@vercel/redwood/-/redwood-2.4.13.tgz. Extracting by manifest.
2535 silly tarball no local data for @vercel/prepare-flags-definitions@https://registry.npmjs.org/@vercel/prepare-flags-definitions/-/prepare-flags-definitions-0.2.1.tgz. Extracting by manifest.
2536 silly tarball no local data for @vercel/python@https://registry.npmjs.org/@vercel/python/-/python-6.43.1.tgz. Extracting by manifest.
2537 silly tarball no local data for @vercel/next@https://registry.npmjs.org/@vercel/next/-/next-4.17.4.tgz. Extracting by manifest.
2538 silly tarball no local data for @vercel/node@https://registry.npmjs.org/@vercel/node/-/node-5.8.4.tgz. Extracting by manifest.
2539 silly tarball no local data for @vercel/nestjs@https://registry.npmjs.org/@vercel/nestjs/-/nestjs-0.2.84.tgz. Extracting by manifest.
2540 silly tarball no local data for @vercel/hydrogen@https://registry.npmjs.org/@vercel/hydrogen/-/hydrogen-1.3.7.tgz. Extracting by manifest.
2541 silly tarball no local data for @vercel/hono@https://registry.npmjs.org/@vercel/hono/-/hono-0.2.83.tgz. Extracting by manifest.
2542 silly tarball no local data for @vercel/h3@https://registry.npmjs.org/@vercel/h3/-/h3-0.1.89.tgz. Extracting by manifest.
2543 silly tarball no local data for @vercel/koa@https://registry.npmjs.org/@vercel/koa/-/koa-0.1.63.tgz. Extracting by manifest.
2544 silly tarball no local data for @vercel/fun@https://registry.npmjs.org/@vercel/fun/-/fun-1.3.0.tgz. Extracting by manifest.
2545 silly tarball no local data for @vercel/go@https://registry.npmjs.org/@vercel/go/-/go-3.7.1.tgz. Extracting by manifest.
2546 silly tarball no local data for @vercel/fastify@https://registry.npmjs.org/@vercel/fastify/-/fastify-0.1.83.tgz. Extracting by manifest.
2547 silly tarball no local data for @vercel/elysia@https://registry.npmjs.org/@vercel/elysia/-/elysia-0.1.80.tgz. Extracting by manifest.
2548 silly tarball no local data for @vercel/express@https://registry.npmjs.org/@vercel/express/-/express-0.1.90.tgz. Extracting by manifest.
2549 silly tarball no local data for @vercel/detect-agent@https://registry.npmjs.org/@vercel/detect-agent/-/detect-agent-1.2.3.tgz. Extracting by manifest.
2550 silly tarball no local data for @vercel/cli-config@https://registry.npmjs.org/@vercel/cli-config/-/cli-config-0.1.2.tgz. Extracting by manifest.
2551 silly tarball no local data for @vercel/build-utils@https://registry.npmjs.org/@vercel/build-utils/-/build-utils-13.26.1.tgz. Extracting by manifest.
2552 silly tarball no local data for vercel@https://registry.npmjs.org/vercel/-/vercel-54.4.1.tgz. Extracting by manifest.
2553 silly tarball no local data for @vercel/blob@https://registry.npmjs.org/@vercel/blob/-/blob-2.4.0.tgz. Extracting by manifest.
2554 silly tarball no local data for @vercel/backends@https://registry.npmjs.org/@vercel/backends/-/backends-0.7.2.tgz. Extracting by manifest.
2555 silly tarball no local data for zod@https://registry.npmjs.org/zod/-/zod-3.24.4.tgz. Extracting by manifest.
2556 silly tarball no local data for picomatch@https://registry.npmjs.org/picomatch/-/picomatch-2.3.2.tgz. Extracting by manifest.
2557 silly tarball no local data for xdg-app-paths@https://registry.npmjs.org/xdg-app-paths/-/xdg-app-paths-5.1.0.tgz. Extracting by manifest.
2558 silly tarball no local data for undici@https://registry.npmjs.org/undici/-/undici-7.26.0.tgz. Extracting by manifest.
2559 silly tarball no local data for minimatch@https://registry.npmjs.org/minimatch/-/minimatch-3.1.5.tgz. Extracting by manifest.
2560 silly tarball no local data for @esbuild/darwin-x64@https://registry.npmjs.org/@esbuild/darwin-x64/-/darwin-x64-0.27.0.tgz. Extracting by manifest.
2561 silly tarball no local data for lru-cache@https://registry.npmjs.org/lru-cache/-/lru-cache-11.5.0.tgz. Extracting by manifest.
2562 silly tarball no local data for picocolors@https://registry.npmjs.org/picocolors/-/picocolors-1.0.0.tgz. Extracting by manifest.
2563 silly tarball no local data for async-listen@https://registry.npmjs.org/async-listen/-/async-listen-3.0.1.tgz. Extracting by manifest.
2564 silly tarball no local data for esbuild@https://registry.npmjs.org/esbuild/-/esbuild-0.27.0.tgz. Extracting by manifest.
2565 silly tarball no local data for balanced-match@https://registry.npmjs.org/balanced-match/-/balanced-match-4.0.4.tgz. Extracting by manifest.
2566 silly tarball no local data for brace-expansion@https://registry.npmjs.org/brace-expansion/-/brace-expansion-5.0.6.tgz. Extracting by manifest.
2567 silly tarball no local data for minimatch@https://registry.npmjs.org/minimatch/-/minimatch-10.2.5.tgz. Extracting by manifest.
2568 silly tarball no local data for semver@https://registry.npmjs.org/semver/-/semver-7.8.1.tgz. Extracting by manifest.
2569 silly tarball no local data for end-of-stream@https://registry.npmjs.org/end-of-stream/-/end-of-stream-1.1.0.tgz. Extracting by manifest.
2570 silly tarball no local data for once@https://registry.npmjs.org/once/-/once-1.3.3.tgz. Extracting by manifest.
2571 silly tarball no local data for yallist@https://registry.npmjs.org/yallist/-/yallist-5.0.0.tgz. Extracting by manifest.
2572 silly tarball no local data for fs-extra@https://registry.npmjs.org/fs-extra/-/fs-extra-11.1.1.tgz. Extracting by manifest.
2573 silly tarball no local data for zod@https://registry.npmjs.org/zod/-/zod-3.22.4.tgz. Extracting by manifest.
2574 silly tarball no local data for @esbuild/darwin-x64@https://registry.npmjs.org/@esbuild/darwin-x64/-/darwin-x64-0.27.7.tgz. Extracting by manifest.
2575 silly tarball no local data for esbuild@https://registry.npmjs.org/esbuild/-/esbuild-0.27.7.tgz. Extracting by manifest.
2576 silly tarball no local data for signal-exit@https://registry.npmjs.org/signal-exit/-/signal-exit-3.0.7.tgz. Extracting by manifest.
2577 silly tarball no local data for @rolldown/pluginutils@https://registry.npmjs.org/@rolldown/pluginutils/-/pluginutils-1.0.0-rc.1.tgz. Extracting by manifest.
2578 silly tarball no local data for lru-cache@https://registry.npmjs.org/lru-cache/-/lru-cache-7.18.3.tgz. Extracting by manifest.
2579 silly tarball no local data for human-signals@https://registry.npmjs.org/human-signals/-/human-signals-2.1.0.tgz. Extracting by manifest.
2580 silly tarball no local data for get-stream@https://registry.npmjs.org/get-stream/-/get-stream-6.0.1.tgz. Extracting by manifest.
2581 silly tarball no local data for path-to-regexp@https://registry.npmjs.org/path-to-regexp/-/path-to-regexp-6.1.0.tgz. Extracting by manifest.
2582 silly tarball no local data for undici@https://registry.npmjs.org/undici/-/undici-5.28.4.tgz. Extracting by manifest.
2583 silly tarball no local data for execa@https://registry.npmjs.org/execa/-/execa-5.1.1.tgz. Extracting by manifest.
2584 silly tarball no local data for path-to-regexp@https://registry.npmjs.org/path-to-regexp/-/path-to-regexp-6.1.0.tgz. Extracting by manifest.
2585 silly tarball no local data for @esbuild/darwin-x64@https://registry.npmjs.org/@esbuild/darwin-x64/-/darwin-x64-0.27.0.tgz. Extracting by manifest.
2586 silly tarball no local data for esbuild@https://registry.npmjs.org/esbuild/-/esbuild-0.27.0.tgz. Extracting by manifest.
2587 silly tarball no local data for node-fetch@https://registry.npmjs.org/node-fetch/-/node-fetch-2.6.9.tgz. Extracting by manifest.
2588 silly tarball no local data for es-module-lexer@https://registry.npmjs.org/es-module-lexer/-/es-module-lexer-1.4.1.tgz. Extracting by manifest.
2589 silly tarball no local data for async-listen@https://registry.npmjs.org/async-listen/-/async-listen-3.0.0.tgz. Extracting by manifest.
2590 silly tarball no local data for lru-cache@https://registry.npmjs.org/lru-cache/-/lru-cache-6.0.0.tgz. Extracting by manifest.
2591 silly tarball no local data for yallist@https://registry.npmjs.org/yallist/-/yallist-4.0.0.tgz. Extracting by manifest.
2592 silly tarball no local data for xdg-app-paths@https://registry.npmjs.org/xdg-app-paths/-/xdg-app-paths-5.1.0.tgz. Extracting by manifest.
2593 silly tarball no local data for zod@https://registry.npmjs.org/zod/-/zod-3.22.4.tgz. Extracting by manifest.
2594 silly tarball no local data for path-to-regexp@https://registry.npmjs.org/path-to-regexp/-/path-to-regexp-8.2.0.tgz. Extracting by manifest.
2595 silly tarball no local data for ms@https://registry.npmjs.org/ms/-/ms-2.1.1.tgz. Extracting by manifest.
2596 silly tarball no local data for ms@https://registry.npmjs.org/ms/-/ms-2.1.2.tgz. Extracting by manifest.
2597 silly tarball no local data for semver@https://registry.npmjs.org/semver/-/semver-7.5.4.tgz. Extracting by manifest.
2598 silly tarball no local data for debug@https://registry.npmjs.org/debug/-/debug-4.3.4.tgz. Extracting by manifest.
2599 silly tarball no local data for signal-exit@https://registry.npmjs.org/signal-exit/-/signal-exit-3.0.7.tgz. Extracting by manifest.
2600 silly tarball no local data for zod@https://registry.npmjs.org/zod/-/zod-3.22.4.tgz. Extracting by manifest.
2601 silly tarball no local data for zod@https://registry.npmjs.org/zod/-/zod-3.22.4.tgz. Extracting by manifest.
2602 silly tarball no local data for esbuild@https://registry.npmjs.org/esbuild/-/esbuild-0.27.0.tgz. Extracting by manifest.
2603 silly tarball no local data for @esbuild/darwin-x64@https://registry.npmjs.org/@esbuild/darwin-x64/-/darwin-x64-0.27.0.tgz. Extracting by manifest.
2604 http fetch POST 200 https://registry.npmjs.org/-/npm/v1/security/advisories/bulk 454ms
2605 silly audit report {
2605 silly audit report   esbuild: [
2605 silly audit report     {
2605 silly audit report       id: 1102341,
2605 silly audit report       url: 'https://github.com/advisories/GHSA-67mh-4wv8-2f99',
2605 silly audit report       title: 'esbuild enables any website to send any requests to the development server and read the response',
2605 silly audit report       severity: 'moderate',
2605 silly audit report       vulnerable_versions: '<=0.24.2',
2605 silly audit report       cwe: [Array],
2605 silly audit report       cvss: [Object]
2605 silly audit report     }
2605 silly audit report   ],
2605 silly audit report   vite: [
2605 silly audit report     {
2605 silly audit report       id: 1116229,
2605 silly audit report       url: 'https://github.com/advisories/GHSA-4w7w-66w2-5vf9',
2605 silly audit report       title: 'Vite Vulnerable to Path Traversal in Optimized Deps `.map` Handling',
2605 silly audit report       severity: 'moderate',
2605 silly audit report       vulnerable_versions: '<=6.4.1',
2605 silly audit report       cwe: [Array],
2605 silly audit report       cvss: [Object]
2605 silly audit report     }
2605 silly audit report   ],
2605 silly audit report   'smol-toml': [
2605 silly audit report     {
2605 silly audit report       id: 1115393,
2605 silly audit report       url: 'https://github.com/advisories/GHSA-v3rj-xjv7-4jmq',
2605 silly audit report       title: 'smol-toml: Denial of Service via TOML documents containing thousands of consecutive commented lines',
2605 silly audit report       severity: 'moderate',
2605 silly audit report       vulnerable_versions: '<1.6.1',
2605 silly audit report       cwe: [Array],
2605 silly audit report       cvss: [Object]
2605 silly audit report     }
2605 silly audit report   ],
2605 silly audit report   'path-to-regexp': [
2605 silly audit report     {
2605 silly audit report       id: 1101846,
2605 silly audit report       url: 'https://github.com/advisories/GHSA-9wv6-86v2-598j',
2605 silly audit report       title: 'path-to-regexp outputs backtracking regular expressions',
2605 silly audit report       severity: 'high',
2605 silly audit report       vulnerable_versions: '>=4.0.0 <6.3.0',
2605 silly audit report       cwe: [Array],
2605 silly audit report       cvss: [Object]
2605 silly audit report     },
2605 silly audit report     {
2605 silly audit report       id: 1115573,
2605 silly audit report       url: 'https://github.com/advisories/GHSA-j3q9-mxjg-w52f',
2605 silly audit report       title: 'path-to-regexp vulnerable to Denial of Service via sequential optional groups',
2605 silly audit report       severity: 'high',
2605 silly audit report       vulnerable_versions: '>=8.0.0 <8.4.0',
2605 silly audit report       cwe: [Array],
2605 silly audit report       cvss: [Object]
2605 silly audit report     },
2605 silly audit report     {
2605 silly audit report       id: 1115582,
2605 silly audit report       url: 'https://github.com/advisories/GHSA-27v5-c462-wpq7',
2605 silly audit report       title: 'path-to-regexp vulnerable to Regular Expression Denial of Service via multiple wildcards',
2605 silly audit report       severity: 'moderate',
2605 silly audit report       vulnerable_versions: '>=8.0.0 <8.4.0',
2605 silly audit report       cwe: [Array],
2605 silly audit report       cvss: [Object]
2605 silly audit report     }
2605 silly audit report   ],
2605 silly audit report   srvx: [
2605 silly audit report     {
2605 silly audit report       id: 1115537,
2605 silly audit report       url: 'https://github.com/advisories/GHSA-p36q-q72m-gchr',
2605 silly audit report       title: 'srvx is vulnerable to middleware bypass via absolute URI in request line ',
2605 silly audit report       severity: 'moderate',
2605 silly audit report       vulnerable_versions: '<0.11.13',
2605 silly audit report       cwe: [Array],
2605 silly audit report       cvss: [Object]
2605 silly audit report     }
2605 silly audit report   ],
2605 silly audit report   undici: [
2605 silly audit report     {
2605 silly audit report       id: 1101610,
2605 silly audit report       url: 'https://github.com/advisories/GHSA-c76h-2ccp-4975',
2605 silly audit report       title: 'Use of Insufficiently Random Values in undici',
2605 silly audit report       severity: 'moderate',
2605 silly audit report       vulnerable_versions: '>=4.5.0 <5.28.5',
2605 silly audit report       cwe: [Array],
2605 silly audit report       cvss: [Object]
2605 silly audit report     },
2605 silly audit report     {
2605 silly audit report       id: 1112496,
2605 silly audit report       url: 'https://github.com/advisories/GHSA-g9mf-h72j-4rw9',
2605 silly audit report       title: 'Undici has an unbounded decompression chain in HTTP responses on Node.js Fetch API via Content-Encoding leads to resource exhaustion',
2605 silly audit report       severity: 'moderate',
2605 silly audit report       vulnerable_versions: '<6.23.0',
2605 silly audit report       cwe: [Array],
2605 silly audit report       cvss: [Object]
2605 silly audit report     },
2605 silly audit report     {
2605 silly audit report       id: 1113069,
2605 silly audit report       url: 'https://github.com/advisories/GHSA-cxrh-j4jr-qwg3',
2605 silly audit report       title: 'undici Denial of Service attack via bad certificate data',
2605 silly audit report       severity: 'low',
2605 silly audit report       vulnerable_versions: '<5.29.0',
2605 silly audit report       cwe: [Array],
2605 silly audit report       cvss: [Object]
2605 silly audit report     },
2605 silly audit report     {
2605 silly audit report       id: 1114594,
2605 silly audit report       url: 'https://github.com/advisories/GHSA-2mjp-6q6p-2qxm',
2605 silly audit report       title: 'Undici has an HTTP Request/Response Smuggling issue',
2605 silly audit report       severity: 'moderate',
2605 silly audit report       vulnerable_versions: '<6.24.0',
2605 silly audit report       cwe: [Array],
2605 silly audit report       cvss: [Object]
2605 silly audit report     },
2605 silly audit report     {
2605 silly audit report       id: 1114638,
2605 silly audit report       url: 'https://github.com/advisories/GHSA-vrm6-8vpv-qv8q',
2605 silly audit report       title: 'Undici has Unbounded Memory Consumption in WebSocket permessage-deflate Decompression',
2605 silly audit report       severity: 'high',
2605 silly audit report       vulnerable_versions: '<6.24.0',
2605 silly audit report       cwe: [Array],
2605 silly audit report       cvss: [Object]
2605 silly audit report     },
2605 silly audit report     {
2605 silly audit report       id: 1114640,
2605 silly audit report       url: 'https://github.com/advisories/GHSA-v9p9-hfj2-hcw8',
2605 silly audit report       title: 'Undici has Unhandled Exception in WebSocket Client Due to Invalid server_max_window_bits Validation',
2605 silly audit report       severity: 'high',
2605 silly audit report       vulnerable_versions: '<6.24.0',
2605 silly audit report       cwe: [Array],
2605 silly audit report       cvss: [Object]
2605 silly audit report     },
2605 silly audit report     {
2605 silly audit report       id: 1114642,
2605 silly audit report       url: 'https://github.com/advisories/GHSA-4992-7rv2-5pvq',
2605 silly audit report       title: 'Undici has CRLF Injection in undici via `upgrade` option',
2605 silly audit report       severity: 'moderate',
2605 silly audit report       vulnerable_versions: '<6.24.0',
2605 silly audit report       cwe: [Array],
2605 silly audit report       cvss: [Object]
2605 silly audit report     }
2605 silly audit report   ],
2605 silly audit report   '@tootallnate/once': [
2605 silly audit report     {
2605 silly audit report       id: 1119438,
2605 silly audit report       url: 'https://github.com/advisories/GHSA-vpq2-c234-7xj6',
2605 silly audit report       title: '@tootallnate/once vulnerable to Incorrect Control Flow Scoping',
2605 silly audit report       severity: 'low',
2605 silly audit report       vulnerable_versions: '<2.0.1',
2605 silly audit report       cwe: [Array],
2605 silly audit report       cvss: [Object]
2605 silly audit report     }
2605 silly audit report   ],
2605 silly audit report   tar: [
2605 silly audit report     {
2605 silly audit report       id: 1113375,
2605 silly audit report       url: 'https://github.com/advisories/GHSA-83g3-92jg-28cx',
2605 silly audit report       title: 'Arbitrary File Read/Write via Hardlink Target Escape Through Symlink Chain in node-tar Extraction',
2605 silly audit report       severity: 'high',
2605 silly audit report       vulnerable_versions: '<7.5.8',
2605 silly audit report       cwe: [Array],
2605 silly audit report       cvss: [Object]
2605 silly audit report     },
2605 silly audit report     {
2605 silly audit report       id: 1114200,
2605 silly audit report       url: 'https://github.com/advisories/GHSA-qffp-2rhf-9h96',
2605 silly audit report       title: 'tar has Hardlink Path Traversal via Drive-Relative Linkpath',
2605 silly audit report       severity: 'high',
2605 silly audit report       vulnerable_versions: '<=7.5.9',
2605 silly audit report       cwe: [Array],
2605 silly audit report       cvss: [Object]
2605 silly audit report     },
2605 silly audit report     {
2605 silly audit report       id: 1114302,
2605 silly audit report       url: 'https://github.com/advisories/GHSA-9ppj-qmqm-q256',
2605 silly audit report       title: 'node-tar Symlink Path Traversal via Drive-Relative Linkpath',
2605 silly audit report       severity: 'high',
2605 silly audit report       vulnerable_versions: '<=7.5.10',
2605 silly audit report       cwe: [Array],
2605 silly audit report       cvss: [Object]
2605 silly audit report     }
2605 silly audit report   ],
2605 silly audit report   minimatch: [
2605 silly audit report     {
2605 silly audit report       id: 1113466,
2605 silly audit report       url: 'https://github.com/advisories/GHSA-3ppc-4f35-3m26',
2605 silly audit report       title: 'minimatch has a ReDoS via repeated wildcards with non-matching literal in pattern',
2605 silly audit report       severity: 'high',
2605 silly audit report       vulnerable_versions: '>=10.0.0 <10.2.1',
2605 silly audit report       cwe: [Array],
2605 silly audit report       cvss: [Object]
2605 silly audit report     },
2605 silly audit report     {
2605 silly audit report       id: 1113545,
2605 silly audit report       url: 'https://github.com/advisories/GHSA-7r86-cg39-jmmj',
2605 silly audit report       title: 'minimatch has ReDoS: matchOne() combinatorial backtracking via multiple non-adjacent GLOBSTAR segments',
2605 silly audit report       severity: 'high',
2605 silly audit report       vulnerable_versions: '>=10.0.0 <10.2.3',
2605 silly audit report       cwe: [Array],
2605 silly audit report       cvss: [Object]
2605 silly audit report     },
2605 silly audit report     {
2605 silly audit report       id: 1113553,
2605 silly audit report       url: 'https://github.com/advisories/GHSA-23c5-xmqv-rm74',
2605 silly audit report       title: 'minimatch ReDoS: nested *() extglobs generate catastrophically backtracking regular expressions',
2605 silly audit report       severity: 'high',
2605 silly audit report       vulnerable_versions: '>=10.0.0 <10.2.3',
2605 silly audit report       cwe: [Array],
2605 silly audit report       cvss: [Object]
2605 silly audit report     }
2605 silly audit report   ],
2605 silly audit report   ajv: [
2605 silly audit report     {
2605 silly audit report       id: 1113715,
2605 silly audit report       url: 'https://github.com/advisories/GHSA-2g4f-4pwh-qvx6',
2605 silly audit report       title: 'ajv has ReDoS when using `$data` option',
2605 silly audit report       severity: 'moderate',
2605 silly audit report       vulnerable_versions: '>=7.0.0-alpha.0 <8.18.0',
2605 silly audit report       cwe: [Array],
2605 silly audit report       cvss: [Object]
2605 silly audit report     }
2605 silly audit report   ]
2605 silly audit report }
2606 silly packumentCache corgi:https://registry.npmjs.org/esbuild cache-miss
2607 silly packumentCache corgi:https://registry.npmjs.org/vite cache-miss
2608 silly packumentCache corgi:https://registry.npmjs.org/smol-toml cache-miss
2609 silly packumentCache corgi:https://registry.npmjs.org/path-to-regexp cache-miss
2610 silly packumentCache corgi:https://registry.npmjs.org/srvx cache-miss
2611 silly packumentCache corgi:https://registry.npmjs.org/undici cache-miss
2612 silly packumentCache corgi:https://registry.npmjs.org/@tootallnate%2fonce cache-miss
2613 silly packumentCache corgi:https://registry.npmjs.org/tar cache-miss
2614 silly packumentCache corgi:https://registry.npmjs.org/minimatch cache-miss
2615 silly packumentCache corgi:https://registry.npmjs.org/ajv cache-miss
2616 http fetch GET 200 https://registry.npmjs.org/concat-map/-/concat-map-0.0.1.tgz 422ms (cache miss)
2617 http fetch GET 200 https://registry.npmjs.org/brace-expansion/-/brace-expansion-1.1.14.tgz 424ms (cache miss)
2618 http fetch GET 200 https://registry.npmjs.org/events-intercept/-/events-intercept-2.0.0.tgz 422ms (cache miss)
2619 http fetch GET 200 https://registry.npmjs.org/balanced-match/-/balanced-match-1.0.2.tgz 426ms (cache miss)
2620 http fetch GET 200 https://registry.npmjs.org/pend/-/pend-1.2.0.tgz 425ms (cache miss)
2621 http cache https://registry.npmjs.org/esbuild 100ms (cache hit)
2622 silly packumentCache corgi:https://registry.npmjs.org/esbuild set size:885757 disposed:false
2623 http cache https://registry.npmjs.org/vite 112ms (cache hit)
2624 silly packumentCache corgi:https://registry.npmjs.org/vite set size:2249718 disposed:false
2625 http fetch GET 200 https://registry.npmjs.org/resolve-pkg-maps/-/resolve-pkg-maps-1.0.0.tgz 474ms (cache miss)
2626 http fetch GET 200 https://registry.npmjs.org/to-regex-range/-/to-regex-range-5.0.1.tgz 474ms (cache miss)
2627 http fetch GET 200 https://registry.npmjs.org/punycode/-/punycode-2.3.1.tgz 493ms (cache miss)
2628 http fetch GET 200 https://registry.npmjs.org/yauzl/-/yauzl-2.10.0.tgz 492ms (cache miss)
2629 http fetch GET 200 https://registry.npmjs.org/is-number/-/is-number-7.0.0.tgz 494ms (cache miss)
2630 http fetch GET 200 https://registry.npmjs.org/fill-range/-/fill-range-7.1.1.tgz 524ms (cache miss)
2631 http fetch GET 200 https://registry.npmjs.org/get-tsconfig/-/get-tsconfig-4.14.0.tgz 534ms (cache miss)
2632 http fetch GET 200 https://registry.npmjs.org/is-glob/-/is-glob-4.0.3.tgz 569ms (cache miss)
2633 http fetch GET 200 https://registry.npmjs.org/reusify/-/reusify-1.1.0.tgz 583ms (cache miss)
2634 http fetch GET 200 https://registry.npmjs.org/run-parallel/-/run-parallel-1.2.0.tgz 583ms (cache miss)
2635 http fetch GET 200 https://registry.npmjs.org/queue-microtask/-/queue-microtask-1.2.3.tgz 607ms (cache miss)
2636 http fetch GET 200 https://registry.npmjs.org/is-extglob/-/is-extglob-2.1.1.tgz 619ms (cache miss)
2637 http fetch GET 200 https://registry.npmjs.org/fastq/-/fastq-1.20.1.tgz 619ms (cache miss)
2638 http fetch GET 200 https://registry.npmjs.org/isexe/-/isexe-2.0.0.tgz 641ms (cache miss)
2639 http fetch GET 200 https://registry.npmjs.org/webidl-conversions/-/webidl-conversions-3.0.1.tgz 641ms (cache miss)
2640 http fetch GET 200 https://registry.npmjs.org/yauzl-clone/-/yauzl-clone-1.0.4.tgz 659ms (cache miss)
2641 http fetch GET 200 https://registry.npmjs.org/buffer-crc32/-/buffer-crc32-0.2.13.tgz 671ms (cache miss)
2642 http fetch GET 200 https://registry.npmjs.org/micromatch/-/micromatch-4.0.8.tgz 681ms (cache miss)
2643 http fetch GET 200 https://registry.npmjs.org/fd-slicer/-/fd-slicer-1.1.0.tgz 726ms (cache miss)
2644 http fetch GET 200 https://registry.npmjs.org/glob-parent/-/glob-parent-5.1.2.tgz 715ms (cache miss)
2645 http fetch GET 200 https://registry.npmjs.org/path-browserify/-/path-browserify-1.0.1.tgz 728ms (cache miss)
2646 http fetch GET 200 https://registry.npmjs.org/merge2/-/merge2-1.4.1.tgz 732ms (cache miss)
2647 http fetch GET 200 https://registry.npmjs.org/braces/-/braces-3.0.3.tgz 744ms (cache miss)
2648 http fetch GET 200 https://registry.npmjs.org/mkdirp/-/mkdirp-1.0.4.tgz 755ms (cache miss)
2649 http fetch GET 200 https://registry.npmjs.org/@nodelib/fs.stat/-/fs.stat-2.0.5.tgz 756ms (cache miss)
2650 http fetch GET 200 https://registry.npmjs.org/text-decoder/-/text-decoder-1.2.7.tgz 771ms (cache miss)
2651 http fetch GET 200 https://registry.npmjs.org/fast-fifo/-/fast-fifo-1.3.2.tgz 769ms (cache miss)
2652 http fetch GET 200 https://registry.npmjs.org/streamx/-/streamx-2.25.0.tgz 770ms (cache miss)
2653 http fetch GET 200 https://registry.npmjs.org/convert-hrtime/-/convert-hrtime-3.0.0.tgz 793ms (cache miss)
2654 http fetch GET 200 https://registry.npmjs.org/@nodelib/fs.scandir/-/fs.scandir-2.1.5.tgz 797ms (cache miss)
2655 http fetch GET 200 https://registry.npmjs.org/b4a/-/b4a-1.8.1.tgz 816ms (cache miss)
2656 http fetch GET 200 https://registry.npmjs.org/cookie-es/-/cookie-es-2.0.1.tgz 821ms (cache miss)
2657 http fetch GET 200 https://registry.npmjs.org/xdg-portable/-/xdg-portable-7.3.0.tgz 885ms (cache miss)
2658 http fetch GET 200 https://registry.npmjs.org/os-paths/-/os-paths-4.4.0.tgz 886ms (cache miss)
2659 http fetch GET 200 https://registry.npmjs.org/events-universal/-/events-universal-1.0.1.tgz 869ms (cache miss)
2660 http fetch GET 200 https://registry.npmjs.org/stream-to-array/-/stream-to-array-2.3.0.tgz 866ms (cache miss)
2661 http fetch GET 200 https://registry.npmjs.org/jsonlines/-/jsonlines-0.1.1.tgz 863ms (cache miss)
2662 http fetch GET 200 https://registry.npmjs.org/shebang-regex/-/shebang-regex-3.0.0.tgz 894ms (cache miss)
2663 http fetch GET 200 https://registry.npmjs.org/statuses/-/statuses-1.5.0.tgz 905ms (cache miss)
2664 http fetch GET 200 https://registry.npmjs.org/setprototypeof/-/setprototypeof-1.1.1.tgz 904ms (cache miss)
2665 http fetch GET 200 https://registry.npmjs.org/toidentifier/-/toidentifier-1.0.0.tgz 925ms (cache miss)
2666 http fetch GET 200 https://registry.npmjs.org/http-errors/-/http-errors-1.7.3.tgz 922ms (cache miss)
2667 http fetch GET 200 https://registry.npmjs.org/unpipe/-/unpipe-1.0.0.tgz 923ms (cache miss)
2668 http fetch GET 200 https://registry.npmjs.org/safer-buffer/-/safer-buffer-2.1.2.tgz 943ms (cache miss)
2669 http fetch GET 200 https://registry.npmjs.org/inherits/-/inherits-2.0.4.tgz 941ms (cache miss)
2670 http fetch GET 200 https://registry.npmjs.org/@oxc-project/types/-/types-0.110.0.tgz 960ms (cache miss)
2671 http fetch GET 200 https://registry.npmjs.org/bare-events/-/bare-events-2.8.3.tgz 982ms (cache miss)
2672 http fetch GET 200 https://registry.npmjs.org/wrappy/-/wrappy-1.0.2.tgz 974ms (cache miss)
2673 http fetch GET 200 https://registry.npmjs.org/once/-/once-1.4.0.tgz 988ms (cache miss)
2674 http fetch GET 200 https://registry.npmjs.org/end-of-stream/-/end-of-stream-1.4.5.tgz 1016ms (cache miss)
2675 http fetch GET 200 https://registry.npmjs.org/netmask/-/netmask-2.1.1.tgz 1014ms (cache miss)
2676 http fetch GET 200 https://registry.npmjs.org/bytes/-/bytes-3.1.0.tgz 1041ms (cache miss)
2677 http fetch GET 200 https://registry.npmjs.org/tar-stream/-/tar-stream-3.1.7.tgz 1066ms (cache miss)
2678 http fetch GET 200 https://registry.npmjs.org/get-uri/-/get-uri-6.0.5.tgz 1056ms (cache miss)
2679 http fetch GET 200 https://registry.npmjs.org/proxy-from-env/-/proxy-from-env-1.1.0.tgz 1079ms (cache miss)
2680 http fetch GET 200 https://registry.npmjs.org/escodegen/-/escodegen-2.1.0.tgz 1141ms (cache miss)
2681 http fetch GET 200 https://registry.npmjs.org/parse-ms/-/parse-ms-2.1.0.tgz 1154ms (cache miss)
2682 http fetch GET 200 https://registry.npmjs.org/mimic-fn/-/mimic-fn-2.1.0.tgz 1155ms (cache miss)
2683 http fetch GET 200 https://registry.npmjs.org/esutils/-/esutils-2.0.3.tgz 1236ms (cache miss)
2684 http fetch GET 200 https://registry.npmjs.org/abbrev/-/abbrev-3.0.1.tgz 1232ms (cache miss)
2685 http fetch GET 200 https://registry.npmjs.org/estraverse/-/estraverse-5.3.0.tgz 1269ms (cache miss)
2686 http fetch GET 200 https://registry.npmjs.org/content-type/-/content-type-1.0.4.tgz 1287ms (cache miss)
2687 http fetch GET 200 https://registry.npmjs.org/whatwg-url/-/whatwg-url-5.0.0.tgz 1289ms (cache miss)
2688 http fetch GET 200 https://registry.npmjs.org/@isaacs/balanced-match/-/balanced-match-4.0.1.tgz 1289ms (cache miss)
2689 http fetch GET 200 https://registry.npmjs.org/agent-base/-/agent-base-7.1.4.tgz 1297ms (cache miss)
2690 http fetch GET 200 https://registry.npmjs.org/depd/-/depd-1.1.2.tgz 1324ms (cache miss)
2691 http fetch GET 200 https://registry.npmjs.org/arg/-/arg-4.1.0.tgz 1312ms (cache miss)
2692 http fetch GET 200 https://registry.npmjs.org/pac-proxy-agent/-/pac-proxy-agent-7.2.0.tgz 1330ms (cache miss)
2693 http fetch GET 200 https://registry.npmjs.org/@types/json-schema/-/json-schema-7.0.15.tgz 1331ms (cache miss)
2694 http fetch GET 200 https://registry.npmjs.org/has-symbols/-/has-symbols-1.1.0.tgz 1328ms (cache miss)
2695 http fetch GET 200 https://registry.npmjs.org/get-proto/-/get-proto-1.0.1.tgz 1329ms (cache miss)
2696 http fetch GET 200 https://registry.npmjs.org/es-object-atoms/-/es-object-atoms-1.1.2.tgz 1346ms (cache miss)
2697 http fetch GET 200 https://registry.npmjs.org/gopd/-/gopd-1.2.0.tgz 1346ms (cache miss)
2698 http fetch GET 200 https://registry.npmjs.org/pump/-/pump-3.0.4.tgz 1348ms (cache miss)
2699 http fetch GET 200 https://registry.npmjs.org/universalify/-/universalify-2.0.1.tgz 1346ms (cache miss)
2700 http fetch GET 200 https://registry.npmjs.org/es-define-property/-/es-define-property-1.0.1.tgz 1346ms (cache miss)
2701 http fetch GET 200 https://registry.npmjs.org/code-block-writer/-/code-block-writer-10.1.1.tgz 1397ms (cache miss)
2702 http fetch GET 200 https://registry.npmjs.org/http-proxy-agent/-/http-proxy-agent-7.0.2.tgz 1372ms (cache miss)
2703 http fetch GET 200 https://registry.npmjs.org/call-bind-apply-helpers/-/call-bind-apply-helpers-1.0.2.tgz 1369ms (cache miss)
2704 http fetch GET 200 https://registry.npmjs.org/jsonfile/-/jsonfile-6.2.1.tgz 1370ms (cache miss)
2705 http fetch GET 200 https://registry.npmjs.org/has-tostringtag/-/has-tostringtag-1.0.2.tgz 1370ms (cache miss)
2706 http fetch GET 200 https://registry.npmjs.org/socks-proxy-agent/-/socks-proxy-agent-8.0.5.tgz 1393ms (cache miss)
2707 http fetch GET 200 https://registry.npmjs.org/delayed-stream/-/delayed-stream-1.0.0.tgz 1396ms (cache miss)
2708 http fetch GET 200 https://registry.npmjs.org/asynckit/-/asynckit-0.4.0.tgz 1402ms (cache miss)
2709 http fetch GET 200 https://registry.npmjs.org/hasown/-/hasown-2.0.3.tgz 1427ms (cache miss)
2710 http fetch GET 200 https://registry.npmjs.org/which/-/which-2.0.2.tgz 1437ms (cache miss)
2711 http fetch GET 200 https://registry.npmjs.org/path-key/-/path-key-3.1.1.tgz 1469ms (cache miss)
2712 http fetch GET 200 https://registry.npmjs.org/npm-run-path/-/npm-run-path-4.0.1.tgz 1471ms (cache miss)
2713 http fetch GET 200 https://registry.npmjs.org/merge-stream/-/merge-stream-2.0.0.tgz 1471ms (cache miss)
2714 http fetch GET 200 https://registry.npmjs.org/shebang-command/-/shebang-command-2.0.0.tgz 1473ms (cache miss)
2715 http fetch GET 200 https://registry.npmjs.org/is-stream/-/is-stream-2.0.1.tgz 1524ms (cache miss)
2716 http fetch GET 200 https://registry.npmjs.org/argparse/-/argparse-2.0.1.tgz 1550ms (cache miss)
2717 http fetch GET 200 https://registry.npmjs.org/p-finally/-/p-finally-2.0.1.tgz 1538ms (cache miss)
2718 http fetch GET 200 https://registry.npmjs.org/es-errors/-/es-errors-1.3.0.tgz 1562ms (cache miss)
2719 http fetch GET 200 https://registry.npmjs.org/get-intrinsic/-/get-intrinsic-1.3.0.tgz 1578ms (cache miss)
2720 http fetch GET 200 https://registry.npmjs.org/es-set-tostringtag/-/es-set-tostringtag-2.1.0.tgz 1580ms (cache miss)
2721 http fetch GET 200 https://registry.npmjs.org/esprima/-/esprima-4.0.1.tgz 1610ms (cache miss)
2722 http fetch GET 200 https://registry.npmjs.org/time-span/-/time-span-4.0.0.tgz 1578ms (cache miss)
2723 http fetch GET 200 https://registry.npmjs.org/signal-exit/-/signal-exit-4.0.2.tgz 1578ms (cache miss)
2724 http fetch GET 200 https://registry.npmjs.org/readdirp/-/readdirp-4.1.2.tgz 1577ms (cache miss)
2725 http fetch GET 200 https://registry.npmjs.org/tslib/-/tslib-2.8.1.tgz 1604ms (cache miss)
2726 http fetch GET 200 https://registry.npmjs.org/combined-stream/-/combined-stream-1.0.8.tgz 1583ms (cache miss)
2727 http fetch GET 200 https://registry.npmjs.org/dunder-proto/-/dunder-proto-1.0.1.tgz 1615ms (cache miss)
2728 http fetch GET 200 https://registry.npmjs.org/get-stream/-/get-stream-5.2.0.tgz 1602ms (cache miss)
2729 http fetch GET 200 https://registry.npmjs.org/onetime/-/onetime-5.1.2.tgz 1605ms (cache miss)
2730 http fetch GET 200 https://registry.npmjs.org/strip-final-newline/-/strip-final-newline-2.0.0.tgz 1613ms (cache miss)
2731 http fetch GET 200 https://registry.npmjs.org/fast-deep-equal/-/fast-deep-equal-3.1.3.tgz 1602ms (cache miss)
2732 http fetch GET 200 https://registry.npmjs.org/json-schema-traverse/-/json-schema-traverse-1.0.0.tgz 1603ms (cache miss)
2733 http fetch GET 200 https://registry.npmjs.org/pretty-ms/-/pretty-ms-7.0.1.tgz 1617ms (cache miss)
2734 http fetch GET 200 https://registry.npmjs.org/smart-buffer/-/smart-buffer-4.2.0.tgz 1672ms (cache miss)
2735 http fetch GET 200 https://registry.npmjs.org/mri/-/mri-1.2.0.tgz 1625ms (cache miss)
2736 http fetch GET 200 https://registry.npmjs.org/retry/-/retry-0.13.1.tgz 1621ms (cache miss)
2737 http fetch GET 200 https://registry.npmjs.org/raw-body/-/raw-body-2.4.1.tgz 1648ms (cache miss)
2738 http fetch GET 200 https://registry.npmjs.org/@edge-runtime/ponyfill/-/ponyfill-2.4.2.tgz 1634ms (cache miss)
2739 http fetch GET 200 https://registry.npmjs.org/mime-types/-/mime-types-2.1.35.tgz 1623ms (cache miss)
2740 http fetch GET 200 https://registry.npmjs.org/cross-spawn/-/cross-spawn-7.0.6.tgz 1636ms (cache miss)
2741 http fetch GET 200 https://registry.npmjs.org/function-bind/-/function-bind-1.1.2.tgz 1649ms (cache miss)
2742 http fetch GET 200 https://registry.npmjs.org/require-from-string/-/require-from-string-2.0.2.tgz 1636ms (cache miss)
2743 http fetch GET 200 https://registry.npmjs.org/file-uri-to-path/-/file-uri-to-path-1.0.0.tgz 1638ms (cache miss)
2744 http fetch GET 200 https://registry.npmjs.org/@vercel/gatsby-plugin-vercel-analytics/-/gatsby-plugin-vercel-analytics-1.0.11.tgz 1651ms (cache miss)
2745 http fetch GET 200 https://registry.npmjs.org/https-proxy-agent/-/https-proxy-agent-7.0.6.tgz 1643ms (cache miss)
2746 http fetch GET 200 https://registry.npmjs.org/@renovatebot/pep440/-/pep440-4.2.1.tgz 1649ms (cache miss)
2747 http fetch GET 200 https://registry.npmjs.org/resolve-from/-/resolve-from-5.0.0.tgz 1693ms (cache miss)
2748 http fetch GET 200 https://registry.npmjs.org/mime-db/-/mime-db-1.52.0.tgz 1735ms (cache miss)
2749 http fetch GET 200 https://registry.npmjs.org/@vercel/gatsby-plugin-vercel-builder/-/gatsby-plugin-vercel-builder-2.2.7.tgz 1720ms (cache miss)
2750 http fetch GET 200 https://registry.npmjs.org/etag/-/etag-1.8.1.tgz 1719ms (cache miss)
2751 http fetch GET 200 https://registry.npmjs.org/node-gyp-build/-/node-gyp-build-4.8.4.tgz 1716ms (cache miss)
2752 http fetch GET 200 https://registry.npmjs.org/acorn-import-attributes/-/acorn-import-attributes-1.9.5.tgz 1714ms (cache miss)
2753 http fetch GET 200 https://registry.npmjs.org/bindings/-/bindings-1.5.0.tgz 1715ms (cache miss)
2754 http fetch GET 200 https://registry.npmjs.org/detect-libc/-/detect-libc-2.1.2.tgz 1731ms (cache miss)
2755 http fetch GET 200 https://registry.npmjs.org/@vercel/error-utils/-/error-utils-2.1.0.tgz 1737ms (cache miss)
2756 http fetch GET 200 https://registry.npmjs.org/uid-promise/-/uid-promise-1.0.0.tgz 1731ms (cache miss)
2757 http fetch GET 200 https://registry.npmjs.org/async-sema/-/async-sema-3.1.1.tgz 1742ms (cache miss)
2758 http fetch GET 200 https://registry.npmjs.org/@edge-runtime/format/-/format-2.2.1.tgz 1766ms (cache miss)
2759 http fetch GET 200 https://registry.npmjs.org/tinyexec/-/tinyexec-0.3.2.tgz 1740ms (cache miss)
2760 http fetch GET 200 https://registry.npmjs.org/stream-to-promise/-/stream-to-promise-2.2.0.tgz 1740ms (cache miss)
2761 http fetch GET 200 https://registry.npmjs.org/graceful-fs/-/graceful-fs-4.2.11.tgz 1752ms (cache miss)
2762 http fetch GET 200 https://registry.npmjs.org/tree-kill/-/tree-kill-1.2.2.tgz 1753ms (cache miss)
2763 http fetch GET 200 https://registry.npmjs.org/promisepipe/-/promisepipe-3.0.0.tgz 1752ms (cache miss)
2764 http fetch GET 200 https://registry.npmjs.org/async-listen/-/async-listen-1.2.0.tgz 1750ms (cache miss)
2765 http fetch GET 200 https://registry.npmjs.org/nopt/-/nopt-8.1.0.tgz 1774ms (cache miss)
2766 http fetch GET 200 https://registry.npmjs.org/tr46/-/tr46-0.0.3.tgz 1860ms (cache miss)
2767 http fetch GET 200 https://registry.npmjs.org/stat-mode/-/stat-mode-0.3.0.tgz 1765ms (cache miss)
2768 http fetch GET 200 https://registry.npmjs.org/yauzl-promise/-/yauzl-promise-2.1.3.tgz 1769ms (cache miss)
2769 http fetch GET 200 https://registry.npmjs.org/xdg-app-paths/-/xdg-app-paths-5.5.1.tgz 1777ms (cache miss)
2770 http fetch GET 200 https://registry.npmjs.org/chownr/-/chownr-3.0.0.tgz 1869ms (cache miss)
2771 http fetch GET 200 https://registry.npmjs.org/@rollup/pluginutils/-/pluginutils-5.3.0.tgz 1794ms (cache miss)
2772 http fetch GET 200 https://registry.npmjs.org/async-retry/-/async-retry-1.3.3.tgz 1785ms (cache miss)
2773 http fetch GET 200 https://registry.npmjs.org/throttleit/-/throttleit-2.1.0.tgz 1787ms (cache miss)
2774 http fetch GET 200 https://registry.npmjs.org/@fastify/busboy/-/busboy-2.1.1.tgz 1917ms (cache miss)
2775 http fetch GET 200 https://registry.npmjs.org/@tootallnate/once/-/once-2.0.0.tgz 1813ms (cache miss)
2776 http fetch GET 200 https://registry.npmjs.org/@vercel/cervel/-/cervel-0.1.7.tgz 1812ms (cache miss)
2777 http fetch GET 200 https://registry.npmjs.org/is-buffer/-/is-buffer-2.0.5.tgz 1807ms (cache miss)
2778 http fetch GET 200 https://registry.npmjs.org/@vercel/static-config/-/static-config-3.3.0.tgz 1815ms (cache miss)
2779 http fetch GET 200 https://registry.npmjs.org/degenerator/-/degenerator-5.0.1.tgz 1891ms (cache miss)
2780 http fetch GET 200 https://registry.npmjs.org/execa/-/execa-3.2.0.tgz 1821ms (cache miss)
2781 http fetch GET 200 https://registry.npmjs.org/path-to-regexp/-/path-to-regexp-6.3.0.tgz 1855ms (cache miss)
2782 http fetch GET 200 https://registry.npmjs.org/path-to-regexp/-/path-to-regexp-8.3.0.tgz 1855ms (cache miss)
2783 http fetch GET 200 https://registry.npmjs.org/resolve.exports/-/resolve.exports-2.0.3.tgz 1855ms (cache miss)
2784 http fetch GET 200 https://registry.npmjs.org/micro/-/micro-9.3.5-canary.3.tgz 2027ms (cache miss)
2785 http fetch GET 200 https://registry.npmjs.org/is-node-process/-/is-node-process-1.2.0.tgz 2022ms (cache miss)
2786 http fetch GET 200 https://registry.npmjs.org/@vercel/nestjs/-/nestjs-0.2.84.tgz 2159ms (cache miss)
2787 http fetch GET 200 https://registry.npmjs.org/oxc-transform/-/oxc-transform-0.111.0.tgz 2178ms (cache miss)
2788 http fetch GET 200 https://registry.npmjs.org/picomatch/-/picomatch-4.0.4.tgz 2213ms (cache miss)
2789 http fetch GET 200 https://registry.npmjs.org/ts-toolbelt/-/ts-toolbelt-6.15.5.tgz 2289ms (cache miss)
2790 http fetch GET 200 https://registry.npmjs.org/@vercel/koa/-/koa-0.1.63.tgz 2216ms (cache miss)
2791 http fetch GET 200 https://registry.npmjs.org/@vercel/rust/-/rust-1.2.0.tgz 2226ms (cache miss)
2792 http fetch GET 200 https://registry.npmjs.org/@vercel/hydrogen/-/hydrogen-1.3.7.tgz 2224ms (cache miss)
2793 http fetch GET 200 https://registry.npmjs.org/@vercel/hono/-/hono-0.2.83.tgz 2224ms (cache miss)
2794 http fetch GET 200 https://registry.npmjs.org/@vercel/fastify/-/fastify-0.1.83.tgz 2223ms (cache miss)
2795 http fetch GET 200 https://registry.npmjs.org/@vercel/elysia/-/elysia-0.1.80.tgz 2239ms (cache miss)
2796 http fetch GET 200 https://registry.npmjs.org/node-fetch/-/node-fetch-2.6.7.tgz 2268ms (cache miss)
2797 http fetch GET 200 https://registry.npmjs.org/@vercel/h3/-/h3-0.1.89.tgz 2246ms (cache miss)
2798 http fetch GET 200 https://registry.npmjs.org/es-module-lexer/-/es-module-lexer-1.5.0.tgz 2266ms (cache miss)
2799 http fetch GET 200 https://registry.npmjs.org/@vercel/express/-/express-0.1.90.tgz 2251ms (cache miss)
2800 http fetch GET 200 https://registry.npmjs.org/data-uri-to-buffer/-/data-uri-to-buffer-6.0.2.tgz 2348ms (cache miss)
2801 http fetch GET 200 https://registry.npmjs.org/@vercel/detect-agent/-/detect-agent-1.2.3.tgz 2263ms (cache miss)
2802 http fetch GET 200 https://registry.npmjs.org/xdg-app-paths/-/xdg-app-paths-5.1.0.tgz 2303ms (cache miss)
2803 http fetch GET 200 https://registry.npmjs.org/cjs-module-lexer/-/cjs-module-lexer-1.2.3.tgz 2332ms (cache miss)
2804 http fetch GET 200 https://registry.npmjs.org/form-data/-/form-data-4.0.5.tgz 2324ms (cache miss)
2805 http fetch GET 200 https://registry.npmjs.org/proxy-agent/-/proxy-agent-6.4.0.tgz 2341ms (cache miss)
2806 http fetch GET 200 https://registry.npmjs.org/@isaacs/fs-minipass/-/fs-minipass-4.0.1.tgz 2506ms (cache miss)
2807 http fetch GET 200 https://registry.npmjs.org/picocolors/-/picocolors-1.0.0.tgz 2393ms (cache miss)
2808 http fetch GET 200 https://registry.npmjs.org/minimatch/-/minimatch-3.1.5.tgz 2397ms (cache miss)
2809 http fetch GET 200 https://registry.npmjs.org/async-listen/-/async-listen-3.0.1.tgz 2399ms (cache miss)
2810 http fetch GET 200 https://registry.npmjs.org/brace-expansion/-/brace-expansion-5.0.6.tgz 2499ms (cache miss)
2811 http fetch GET 200 https://registry.npmjs.org/balanced-match/-/balanced-match-4.0.4.tgz 2500ms (cache miss)
2812 http fetch GET 200 https://registry.npmjs.org/@vercel/redwood/-/redwood-2.4.13.tgz 2532ms (cache miss)
2813 http fetch GET 200 https://registry.npmjs.org/end-of-stream/-/end-of-stream-1.1.0.tgz 2515ms (cache miss)
2814 http fetch GET 200 https://registry.npmjs.org/@vercel/prepare-flags-definitions/-/prepare-flags-definitions-0.2.1.tgz 2541ms (cache miss)
2815 http fetch GET 200 https://registry.npmjs.org/@vercel/ruby/-/ruby-2.3.2.tgz 2543ms (cache miss)
2816 http fetch GET 200 https://registry.npmjs.org/once/-/once-1.3.3.tgz 2526ms (cache miss)
2817 http fetch GET 200 https://registry.npmjs.org/human-signals/-/human-signals-2.1.0.tgz 2529ms (cache miss)
2818 http fetch GET 200 https://registry.npmjs.org/esbuild/-/esbuild-0.27.0.tgz 2545ms (cache miss)
2819 http fetch GET 200 https://registry.npmjs.org/xdg-app-paths/-/xdg-app-paths-5.1.0.tgz 2532ms (cache miss)
2820 http fetch GET 200 https://registry.npmjs.org/async-listen/-/async-listen-3.0.0.tgz 2539ms (cache miss)
2821 http fetch GET 200 https://registry.npmjs.org/human-signals/-/human-signals-1.1.1.tgz 2625ms (cache miss)
2822 http fetch GET 200 https://registry.npmjs.org/math-intrinsics/-/math-intrinsics-1.1.0.tgz 2641ms (cache miss)
2823 http fetch GET 200 https://registry.npmjs.org/undici-types/-/undici-types-5.26.5.tgz 2612ms (cache miss)
2824 http fetch GET 200 https://registry.npmjs.org/signal-exit/-/signal-exit-3.0.7.tgz 2553ms (cache miss)
2825 http fetch GET 200 https://registry.npmjs.org/ms/-/ms-2.1.1.tgz 2545ms (cache miss)
2826 http fetch GET 200 https://registry.npmjs.org/lru-cache/-/lru-cache-6.0.0.tgz 2548ms (cache miss)
2827 http fetch GET 200 https://registry.npmjs.org/path-to-regexp/-/path-to-regexp-8.2.0.tgz 2546ms (cache miss)
2828 http fetch GET 200 https://registry.npmjs.org/ms/-/ms-2.1.2.tgz 2546ms (cache miss)
2829 http fetch GET 200 https://registry.npmjs.org/get-stream/-/get-stream-6.0.1.tgz 2562ms (cache miss)
2830 http fetch GET 200 https://registry.npmjs.org/@rolldown/pluginutils/-/pluginutils-1.0.0-rc.1.tgz 2564ms (cache miss)
2831 http fetch GET 200 https://registry.npmjs.org/yallist/-/yallist-4.0.0.tgz 2557ms (cache miss)
2832 http fetch GET 200 https://registry.npmjs.org/@tootallnate%2fonce 2371ms (cache miss)
2833 silly packumentCache corgi:https://registry.npmjs.org/@tootallnate%2fonce set size:undefined disposed:false
2834 http fetch GET 200 https://registry.npmjs.org/@edge-runtime/vm/-/vm-3.2.0.tgz 2632ms (cache miss)
2835 http fetch GET 200 https://registry.npmjs.org/picomatch/-/picomatch-2.3.2.tgz 2585ms (cache miss)
2836 http fetch GET 200 https://registry.npmjs.org/signal-exit/-/signal-exit-3.0.7.tgz 2560ms (cache miss)
2837 http fetch GET 200 https://registry.npmjs.org/lru-cache/-/lru-cache-7.18.3.tgz 2573ms (cache miss)
2838 http fetch GET 200 https://registry.npmjs.org/debug/-/debug-4.3.4.tgz 2563ms (cache miss)
2839 http fetch GET 200 https://registry.npmjs.org/smol-toml 2383ms (cache miss)
2840 silly packumentCache corgi:https://registry.npmjs.org/smol-toml set size:undefined disposed:false
2841 http fetch GET 200 https://registry.npmjs.org/@isaacs/brace-expansion/-/brace-expansion-5.0.1.tgz 2676ms (cache miss)
2842 http fetch GET 200 https://registry.npmjs.org/any-promise/-/any-promise-1.3.0.tgz 2706ms (cache miss)
2843 http fetch GET 200 https://registry.npmjs.org/esbuild/-/esbuild-0.27.7.tgz 2599ms (cache miss)
2844 http fetch GET 200 https://registry.npmjs.org/path-to-regexp 2408ms (cache miss)
2845 silly packumentCache corgi:https://registry.npmjs.org/path-to-regexp set size:undefined disposed:false
2846 http fetch GET 200 https://registry.npmjs.org/esbuild/-/esbuild-0.27.0.tgz 2609ms (cache miss)
2847 http fetch GET 200 https://registry.npmjs.org/estree-walker/-/estree-walker-2.0.2.tgz 2674ms (cache miss)
2848 http fetch GET 200 https://registry.npmjs.org/es-module-lexer/-/es-module-lexer-1.4.1.tgz 2618ms (cache miss)
2849 http fetch GET 200 https://registry.npmjs.org/esbuild/-/esbuild-0.27.0.tgz 2602ms (cache miss)
2850 http fetch GET 200 https://registry.npmjs.org/srvx 2430ms (cache miss)
2851 silly packumentCache corgi:https://registry.npmjs.org/srvx set size:undefined disposed:false
2852 http fetch GET 200 https://registry.npmjs.org/@vercel/cli-config/-/cli-config-0.1.2.tgz 2771ms (cache miss)
2853 http fetch GET 200 https://registry.npmjs.org/node-fetch/-/node-fetch-2.6.9.tgz 2775ms (cache miss)
2854 http fetch GET 200 https://registry.npmjs.org/minimatch 2609ms (cache miss)
2855 silly packumentCache corgi:https://registry.npmjs.org/minimatch set size:undefined disposed:false
2856 http fetch GET 200 https://registry.npmjs.org/execa/-/execa-5.1.1.tgz 2814ms (cache miss)
2857 http fetch GET 200 https://registry.npmjs.org/tar 2656ms (cache miss)
2858 silly packumentCache corgi:https://registry.npmjs.org/tar set size:undefined disposed:false
2859 http fetch GET 200 https://registry.npmjs.org/@vercel/remix-builder/-/remix-builder-5.8.2.tgz 2931ms (cache miss)
2860 http fetch GET 200 https://registry.npmjs.org/acorn/-/acorn-8.16.0.tgz 2963ms (cache miss)
2861 http fetch GET 200 https://registry.npmjs.org/@vercel/python/-/python-6.43.1.tgz 2987ms (cache miss)
2862 http fetch GET 200 https://registry.npmjs.org/minizlib/-/minizlib-3.1.0.tgz 3093ms (cache miss)
2863 http fetch GET 200 https://registry.npmjs.org/chokidar/-/chokidar-4.0.0.tgz 3003ms (cache miss)
2864 http fetch GET 200 https://registry.npmjs.org/undici 2788ms (cache miss)
2865 silly packumentCache corgi:https://registry.npmjs.org/undici set size:undefined disposed:false
2866 http fetch GET 200 https://registry.npmjs.org/@nodelib/fs.walk/-/fs.walk-1.2.8.tgz 3149ms (cache miss)
2867 http fetch GET 200 https://registry.npmjs.org/ajv 2826ms (cache miss)
2868 silly packumentCache corgi:https://registry.npmjs.org/ajv set size:undefined disposed:false
2869 http fetch GET 200 https://registry.npmjs.org/path-scurry/-/path-scurry-2.0.2.tgz 3131ms (cache miss)
2870 http fetch GET 200 https://registry.npmjs.org/basic-ftp/-/basic-ftp-5.3.1.tgz 3160ms (cache miss)
2871 http fetch GET 200 https://registry.npmjs.org/yallist/-/yallist-5.0.0.tgz 3072ms (cache miss)
2872 http fetch GET 200 https://registry.npmjs.org/minipass/-/minipass-7.1.3.tgz 3165ms (cache miss)
2873 http fetch GET 200 https://registry.npmjs.org/smol-toml/-/smol-toml-1.5.2.tgz 3117ms (cache miss)
2874 http fetch GET 200 https://registry.npmjs.org/@vercel/oidc/-/oidc-3.2.0.tgz 3223ms (cache miss)
2875 http fetch GET 200 https://registry.npmjs.org/generic-pool/-/generic-pool-3.4.2.tgz 3156ms (cache miss)
2876 http fetch GET 200 https://registry.npmjs.org/path-to-regexp/-/path-to-regexp-6.1.0.tgz 3112ms (cache miss)
2877 http fetch GET 200 https://registry.npmjs.org/@vercel/go/-/go-3.7.1.tgz 3148ms (cache miss)
2878 http fetch GET 200 https://registry.npmjs.org/path-to-regexp/-/path-to-regexp-6.1.0.tgz 3135ms (cache miss)
2879 silly packumentCache corgi:https://registry.npmjs.org/vercel cache-miss
2880 silly packumentCache corgi:https://registry.npmjs.org/@vercel%2frust cache-miss
2881 silly packumentCache corgi:https://registry.npmjs.org/@vercel%2fpython-analysis cache-miss
2882 http fetch GET 200 https://registry.npmjs.org/@edge-runtime/node-utils/-/node-utils-2.3.0.tgz 3299ms (cache miss)
2883 http fetch GET 200 https://registry.npmjs.org/ts-morph/-/ts-morph-12.0.0.tgz 3298ms (cache miss)
2884 http fetch GET 200 https://registry.npmjs.org/@vercel/static-build/-/static-build-2.9.30.tgz 3299ms (cache miss)
2885 http fetch GET 200 https://registry.npmjs.org/ip-address/-/ip-address-10.2.0.tgz 3407ms (cache miss)
2886 http fetch GET 200 https://registry.npmjs.org/source-map/-/source-map-0.6.1.tgz 3542ms (cache miss)
2887 http fetch GET 200 https://registry.npmjs.org/socks/-/socks-2.8.9.tgz 3574ms (cache miss)
2888 http fetch GET 200 https://registry.npmjs.org/iconv-lite/-/iconv-lite-0.4.24.tgz 3569ms (cache miss)
2889 http fetch GET 200 https://registry.npmjs.org/fs-extra/-/fs-extra-11.1.0.tgz 3515ms (cache miss)
2890 http fetch GET 200 https://registry.npmjs.org/@vercel/next/-/next-4.17.4.tgz 3516ms (cache miss)
2891 http fetch GET 200 https://registry.npmjs.org/@vercel%2fpython-analysis 320ms (cache miss)
2892 silly packumentCache corgi:https://registry.npmjs.org/@vercel%2fpython-analysis set size:undefined disposed:false
2893 http fetch GET 200 https://registry.npmjs.org/srvx/-/srvx-0.8.9.tgz 3578ms (cache miss)
2894 http fetch GET 200 https://registry.npmjs.org/@vercel%2frust 373ms (cache miss)
2895 silly packumentCache corgi:https://registry.npmjs.org/@vercel%2frust set size:undefined disposed:false
2896 http fetch GET 200 https://registry.npmjs.org/consola/-/consola-3.4.2.tgz 3629ms (cache miss)
2897 http fetch GET 200 https://registry.npmjs.org/@vercel/blob/-/blob-2.4.0.tgz 3589ms (cache miss)
2898 http fetch GET 200 https://registry.npmjs.org/js-yaml/-/js-yaml-4.1.1.tgz 3650ms (cache miss)
2899 http fetch GET 200 https://registry.npmjs.org/fs-extra/-/fs-extra-11.1.1.tgz 3599ms (cache miss)
2900 http fetch GET 200 https://registry.npmjs.org/@edge-runtime/primitives/-/primitives-4.1.0.tgz 3675ms (cache miss)
2901 http fetch GET 200 https://registry.npmjs.org/@mapbox/node-pre-gyp/-/node-pre-gyp-2.0.3.tgz 3682ms (cache miss)
2902 http fetch GET 200 https://registry.npmjs.org/edge-runtime/-/edge-runtime-2.5.9.tgz 3721ms (cache miss)
2903 http fetch GET 200 https://registry.npmjs.org/semver/-/semver-7.8.1.tgz 3680ms (cache miss)
2904 http fetch GET 200 https://registry.npmjs.org/pac-resolver/-/pac-resolver-7.0.1.tgz 3813ms (cache miss)
2905 http fetch GET 200 https://registry.npmjs.org/semver/-/semver-7.5.4.tgz 3705ms (cache miss)
2906 http fetch GET 200 https://registry.npmjs.org/ast-types/-/ast-types-0.13.4.tgz 3828ms (cache miss)
2907 http fetch GET 200 https://registry.npmjs.org/web-vitals/-/web-vitals-0.2.4.tgz 3795ms (cache miss)
2908 http fetch GET 200 https://registry.npmjs.org/@vercel/backends/-/backends-0.7.2.tgz 3766ms (cache miss)
2909 http fetch GET 200 https://registry.npmjs.org/@sinclair/typebox/-/typebox-0.25.24.tgz 3852ms (cache miss)
2910 http fetch GET 200 https://registry.npmjs.org/@vercel/nft/-/nft-1.5.0.tgz 3852ms (cache miss)
2911 http fetch GET 200 https://registry.npmjs.org/rolldown/-/rolldown-1.0.0-rc.1.tgz 3913ms (cache miss)
2912 http fetch GET 200 https://registry.npmjs.org/tsx/-/tsx-4.21.0.tgz 3962ms (cache miss)
2913 http fetch GET 200 https://registry.npmjs.org/zod/-/zod-3.22.4.tgz 4023ms (cache miss)
2914 http fetch GET 200 https://registry.npmjs.org/zod/-/zod-3.22.4.tgz 4013ms (cache miss)
2915 http fetch GET 200 https://registry.npmjs.org/zod/-/zod-3.22.4.tgz 4012ms (cache miss)
2916 http fetch GET 200 https://registry.npmjs.org/zod/-/zod-3.22.4.tgz 4012ms (cache miss)
2917 http fetch GET 200 https://registry.npmjs.org/@tybys/wasm-util/-/wasm-util-0.10.2.tgz 4129ms (cache miss)
2918 http fetch GET 200 https://registry.npmjs.org/fast-glob/-/fast-glob-3.3.3.tgz 4168ms (cache miss)
2919 http fetch GET 200 https://registry.npmjs.org/@oxc-transform/binding-darwin-x64/-/binding-darwin-x64-0.111.0.tgz 4145ms (cache miss)
2920 http fetch GET 200 https://registry.npmjs.org/zod/-/zod-3.24.4.tgz 4094ms (cache miss)
2921 http fetch GET 200 https://registry.npmjs.org/uri-js/-/uri-js-4.4.1.tgz 4161ms (cache miss)
2922 http fetch GET 200 https://registry.npmjs.org/minimatch/-/minimatch-10.1.1.tgz 4169ms (cache miss)
2923 http fetch GET 200 https://registry.npmjs.org/@vercel/node/-/node-5.8.4.tgz 4200ms (cache miss)
2924 http fetch GET 200 https://registry.npmjs.org/minimatch/-/minimatch-10.2.5.tgz 4189ms (cache miss)
2925 http fetch GET 200 https://registry.npmjs.org/@tootallnate/quickjs-emscripten/-/quickjs-emscripten-0.23.0.tgz 4360ms (cache miss)
2926 http fetch GET 200 https://registry.npmjs.org/@bytecodealliance/preview2-shim/-/preview2-shim-0.17.6.tgz 4334ms (cache miss)
2927 http fetch GET 200 https://registry.npmjs.org/json-schema-to-ts/-/json-schema-to-ts-1.6.4.tgz 4383ms (cache miss)
2928 http fetch GET 200 https://registry.npmjs.org/@napi-rs/wasm-runtime/-/wasm-runtime-1.1.4.tgz 4475ms (cache miss)
2929 http fetch GET 200 https://registry.npmjs.org/vercel 1269ms (cache miss)
2930 silly packumentCache corgi:https://registry.npmjs.org/vercel set size:undefined disposed:false
2931 silly packumentCache corgi:https://registry.npmjs.org/@vercel%2fnode cache-miss
2932 silly packumentCache corgi:https://registry.npmjs.org/@vercel%2fremix-builder cache-miss
2933 http fetch GET 200 https://registry.npmjs.org/glob/-/glob-13.0.6.tgz 4614ms (cache miss)
2934 http fetch GET 200 https://registry.npmjs.org/@vercel/sandbox/-/sandbox-1.9.0.tgz 4778ms (cache miss)
2935 http fetch GET 200 https://registry.npmjs.org/luxon/-/luxon-3.7.2.tgz 4721ms (cache miss)
2936 http fetch GET 200 https://registry.npmjs.org/@vercel/python-analysis/-/python-analysis-0.11.1.tgz 4760ms (cache miss)
2937 http fetch GET 200 https://registry.npmjs.org/@vercel%2fremix-builder 204ms (cache miss)
2938 silly packumentCache corgi:https://registry.npmjs.org/@vercel%2fremix-builder set size:undefined disposed:false
2939 http fetch GET 200 https://registry.npmjs.org/@types/node/-/node-20.11.0.tgz 4900ms (cache miss)
2940 http fetch GET 200 https://registry.npmjs.org/@vercel%2fnode 384ms (cache miss)
2941 silly packumentCache corgi:https://registry.npmjs.org/@vercel%2fnode set size:undefined disposed:false
2942 silly packumentCache corgi:https://registry.npmjs.org/@vercel%2fbackends cache-miss
2943 silly packumentCache corgi:https://registry.npmjs.org/@vercel%2fexpress cache-miss
2944 silly packumentCache corgi:https://registry.npmjs.org/@vercel%2fhono cache-miss
2945 silly packumentCache corgi:https://registry.npmjs.org/@vercel%2ffun cache-miss
2946 http fetch GET 200 https://registry.npmjs.org/@vercel%2ffun 183ms (cache miss)
2947 silly packumentCache corgi:https://registry.npmjs.org/@vercel%2ffun set size:undefined disposed:false
2948 http fetch GET 200 https://registry.npmjs.org/@vercel%2fexpress 186ms (cache miss)
2949 silly packumentCache corgi:https://registry.npmjs.org/@vercel%2fexpress set size:undefined disposed:false
2950 http fetch GET 200 https://registry.npmjs.org/@vercel%2fbackends 228ms (cache miss)
2951 silly packumentCache corgi:https://registry.npmjs.org/@vercel%2fbackends set size:undefined disposed:false
2952 http fetch GET 200 https://registry.npmjs.org/@vercel%2fhono 270ms (cache miss)
2953 silly packumentCache corgi:https://registry.npmjs.org/@vercel%2fhono set size:undefined disposed:false
2954 http fetch GET 200 https://registry.npmjs.org/@vercel/build-utils/-/build-utils-13.26.1.tgz 5291ms (cache miss)
2955 http fetch GET 200 https://registry.npmjs.org/@ts-morph/common/-/common-0.11.1.tgz 5419ms (cache miss)
2956 http fetch GET 200 https://registry.npmjs.org/sandbox/-/sandbox-2.5.6.tgz 5324ms (cache miss)
2957 http fetch GET 200 https://registry.npmjs.org/lru-cache/-/lru-cache-11.5.0.tgz 5323ms (cache miss)
2958 silly packumentCache corgi:https://registry.npmjs.org/@mapbox%2fnode-pre-gyp cache-miss
2959 http fetch GET 200 https://registry.npmjs.org/undici/-/undici-5.28.4.tgz 5354ms (cache miss)
2960 http fetch GET 200 https://registry.npmjs.org/@esbuild/darwin-x64/-/darwin-x64-0.27.0.tgz 5460ms (cache miss)
2961 http fetch GET 200 https://registry.npmjs.org/@esbuild/darwin-x64/-/darwin-x64-0.27.0.tgz 5457ms (cache miss)
2962 http fetch GET 200 https://registry.npmjs.org/@esbuild/darwin-x64/-/darwin-x64-0.27.7.tgz 5492ms (cache miss)
2963 http fetch GET 200 https://registry.npmjs.org/@esbuild/darwin-x64/-/darwin-x64-0.27.0.tgz 5456ms (cache miss)
2964 http fetch GET 200 https://registry.npmjs.org/@mapbox%2fnode-pre-gyp 169ms (cache miss)
2965 silly packumentCache corgi:https://registry.npmjs.org/@mapbox%2fnode-pre-gyp set size:undefined disposed:false
2966 silly packumentCache corgi:https://registry.npmjs.org/@vercel%2fstatic-config cache-miss
2967 http fetch GET 200 https://registry.npmjs.org/@vercel/fun/-/fun-1.3.0.tgz 5619ms (cache miss)
2968 http fetch GET 200 https://registry.npmjs.org/undici/-/undici-6.26.0.tgz 5647ms (cache miss)
2969 http fetch GET 200 https://registry.npmjs.org/@vercel%2fstatic-config 58ms (cache miss)
2970 silly packumentCache corgi:https://registry.npmjs.org/@vercel%2fstatic-config set size:undefined disposed:false
2971 silly packumentCache corgi:https://registry.npmjs.org/@vercel%2fbuild-utils cache-miss
2972 silly packumentCache corgi:https://registry.npmjs.org/@vercel%2fpython cache-miss
2973 http fetch GET 200 https://registry.npmjs.org/vercel/-/vercel-54.4.1.tgz 5740ms (cache miss)
2974 http fetch GET 200 https://registry.npmjs.org/@vercel%2fpython 108ms (cache miss)
2975 silly packumentCache corgi:https://registry.npmjs.org/@vercel%2fpython set size:undefined disposed:false
2976 http fetch GET 200 https://registry.npmjs.org/@vercel%2fbuild-utils 131ms (cache miss)
2977 silly packumentCache corgi:https://registry.npmjs.org/@vercel%2fbuild-utils set size:undefined disposed:false
2978 http fetch GET 200 https://registry.npmjs.org/undici/-/undici-7.26.0.tgz 5809ms (cache miss)
2979 http fetch GET 200 https://registry.npmjs.org/tar/-/tar-7.5.7.tgz 5865ms (cache miss)
2980 warn deprecated tar@7.5.7: Old versions of tar are not supported, and contain widely publicized security vulnerabilities, which have been fixed in the current version. Please update. Support for old versions may be purchased (at exorbitant rates) by contacting i@izs.me
2981 silly packumentCache corgi:https://registry.npmjs.org/@vercel%2felysia cache-miss
2982 silly packumentCache corgi:https://registry.npmjs.org/@vercel%2ffastify cache-miss
2983 silly packumentCache corgi:https://registry.npmjs.org/@vercel%2fh3 cache-miss
2984 silly packumentCache corgi:https://registry.npmjs.org/@vercel%2fkoa cache-miss
2985 silly packumentCache corgi:https://registry.npmjs.org/@vercel%2fnestjs cache-miss
2986 http fetch GET 200 https://registry.npmjs.org/@rolldown/binding-darwin-x64/-/binding-darwin-x64-1.0.0-rc.1.tgz 6284ms (cache miss)
2987 http fetch GET 200 https://registry.npmjs.org/@vercel%2ffastify 468ms (cache miss)
2988 silly packumentCache corgi:https://registry.npmjs.org/@vercel%2ffastify set size:undefined disposed:false
2989 http fetch GET 200 https://registry.npmjs.org/@vercel%2fnestjs 469ms (cache miss)
2990 silly packumentCache corgi:https://registry.npmjs.org/@vercel%2fnestjs set size:undefined disposed:false
2991 http fetch GET 200 https://registry.npmjs.org/@vercel%2felysia 473ms (cache miss)
2992 silly packumentCache corgi:https://registry.npmjs.org/@vercel%2felysia set size:undefined disposed:false
2993 http fetch GET 200 https://registry.npmjs.org/typescript/-/typescript-5.9.3.tgz 6421ms (cache miss)
2994 http fetch GET 200 https://registry.npmjs.org/@vercel%2fkoa 506ms (cache miss)
2995 silly packumentCache corgi:https://registry.npmjs.org/@vercel%2fkoa set size:undefined disposed:false
2996 http fetch GET 200 https://registry.npmjs.org/jose/-/jose-5.9.6.tgz 6418ms (cache miss)
2997 http fetch GET 200 https://registry.npmjs.org/@vercel%2fh3 549ms (cache miss)
2998 silly packumentCache corgi:https://registry.npmjs.org/@vercel%2fh3 set size:undefined disposed:false
2999 silly packumentCache corgi:https://registry.npmjs.org/@vercel%2fcervel cache-miss
3000 http fetch GET 200 https://registry.npmjs.org/ajv/-/ajv-8.6.3.tgz 6591ms (cache miss)
3001 http fetch GET 200 https://registry.npmjs.org/@vercel%2fcervel 174ms (cache miss)
3002 silly packumentCache corgi:https://registry.npmjs.org/@vercel%2fcervel set size:undefined disposed:false
3003 http fetch GET 200 https://registry.npmjs.org/zod/-/zod-4.1.11.tgz 6685ms (cache miss)
3004 info run esbuild@0.27.0 postinstall node_modules/@vercel/gatsby-plugin-vercel-builder/node_modules/esbuild node install.js
3005 info run esbuild@0.27.0 postinstall node_modules/@vercel/node/node_modules/esbuild node install.js
3006 info run esbuild@0.27.7 postinstall node_modules/tsx/node_modules/esbuild node install.js
3007 info run esbuild@0.27.0 postinstall node_modules/vercel/node_modules/esbuild node install.js
3008 silly packumentCache corgi:https://registry.npmjs.org/@vercel%2fhydrogen cache-miss
3009 silly packumentCache corgi:https://registry.npmjs.org/@vercel%2fredwood cache-miss
3010 silly packumentCache corgi:https://registry.npmjs.org/@vercel%2fstatic-build cache-miss
3011 http fetch GET 200 https://registry.npmjs.org/@vercel%2fredwood 119ms (cache miss)
3012 silly packumentCache corgi:https://registry.npmjs.org/@vercel%2fredwood set size:undefined disposed:false
3013 http fetch GET 200 https://registry.npmjs.org/@vercel%2fstatic-build 130ms (cache miss)
3014 silly packumentCache corgi:https://registry.npmjs.org/@vercel%2fstatic-build set size:undefined disposed:false
3015 http fetch GET 200 https://registry.npmjs.org/@vercel%2fhydrogen 191ms (cache miss)
3016 silly packumentCache corgi:https://registry.npmjs.org/@vercel%2fhydrogen set size:undefined disposed:false
3017 silly packumentCache corgi:https://registry.npmjs.org/@vercel%2fgatsby-plugin-vercel-builder cache-miss
3018 http fetch GET 200 https://registry.npmjs.org/@vercel%2fgatsby-plugin-vercel-builder 576ms (cache miss)
3019 silly packumentCache corgi:https://registry.npmjs.org/@vercel%2fgatsby-plugin-vercel-builder set size:undefined disposed:false
3020 info run esbuild@0.27.0 postinstall { code: 0, signal: null }
3021 info run esbuild@0.27.0 postinstall { code: 0, signal: null }
3022 info run esbuild@0.27.0 postinstall { code: 0, signal: null }
3023 info run esbuild@0.27.7 postinstall { code: 0, signal: null }
3024 silly ADD node_modules/@fastify/busboy
3025 silly ADD node_modules/concat-map
3026 silly ADD node_modules/balanced-match
3027 silly ADD node_modules/brace-expansion
3028 silly ADD node_modules/events-intercept
3029 silly ADD node_modules/pend
3030 silly ADD node_modules/fd-slicer
3031 silly ADD node_modules/buffer-crc32
3032 silly ADD node_modules/yauzl-clone
3033 silly ADD node_modules/yauzl
3034 silly ADD node_modules/xdg-portable
3035 silly ADD node_modules/os-paths
3036 silly ADD node_modules/isexe
3037 silly ADD node_modules/webidl-conversions
3038 silly ADD node_modules/tr46
3039 silly ADD node_modules/punycode
3040 silly ADD node_modules/resolve-pkg-maps
3041 silly ADD node_modules/get-tsconfig
3042 silly ADD node_modules/is-number
3043 silly ADD node_modules/queue-microtask
3044 silly ADD node_modules/to-regex-range
3045 silly ADD node_modules/fill-range
3046 silly ADD node_modules/braces
3047 silly ADD node_modules/is-extglob
3048 silly ADD node_modules/is-glob
3049 silly ADD node_modules/reusify
3050 silly ADD node_modules/run-parallel
3051 silly ADD node_modules/fastq
3052 silly ADD node_modules/@nodelib/fs.scandir
3053 silly ADD node_modules/micromatch
3054 silly ADD node_modules/micromatch/node_modules/picomatch
3055 silly ADD node_modules/merge2
3056 silly ADD node_modules/glob-parent
3057 silly ADD node_modules/@nodelib/fs.walk
3058 silly ADD node_modules/@nodelib/fs.stat
3059 silly ADD node_modules/path-browserify
3060 silly ADD node_modules/mkdirp
3061 silly ADD node_modules/fast-glob
3062 silly ADD node_modules/code-block-writer
3063 silly ADD node_modules/@ts-morph/common
3064 silly ADD node_modules/@ts-morph/common/node_modules/minimatch
3065 silly ADD node_modules/convert-hrtime
3066 silly ADD node_modules/bare-events
3067 silly ADD node_modules/text-decoder
3068 silly ADD node_modules/events-universal
3069 silly ADD node_modules/streamx
3070 silly ADD node_modules/fast-fifo
3071 silly ADD node_modules/b4a
3072 silly ADD node_modules/minizlib
3073 silly ADD node_modules/chownr
3074 silly ADD node_modules/@isaacs/fs-minipass
3075 silly ADD node_modules/stream-to-array
3076 silly ADD node_modules/any-promise
3077 silly ADD node_modules/cookie-es
3078 silly ADD node_modules/smart-buffer
3079 silly ADD node_modules/ip-address
3080 silly ADD node_modules/socks
3081 silly ADD node_modules/shebang-regex
3082 silly ADD node_modules/tar-stream
3083 silly ADD node_modules/jsonlines
3084 silly ADD node_modules/@vercel/oidc
3085 silly ADD node_modules/@vercel/sandbox
3086 silly ADD node_modules/@vercel/sandbox/node_modules/zod
3087 silly ADD node_modules/@vercel/sandbox/node_modules/xdg-app-paths
3088 silly ADD node_modules/@vercel/sandbox/node_modules/undici
3089 silly ADD node_modules/@rolldown/binding-darwin-x64
3090 silly ADD node_modules/@oxc-project/types
3091 silly ADD node_modules/safer-buffer
3092 silly ADD node_modules/toidentifier
3093 silly ADD node_modules/statuses
3094 silly ADD node_modules/setprototypeof
3095 silly ADD node_modules/inherits
3096 silly ADD node_modules/depd
3097 silly ADD node_modules/unpipe
3098 silly ADD node_modules/iconv-lite
3099 silly ADD node_modules/http-errors
3100 silly ADD node_modules/bytes
3101 silly ADD node_modules/wrappy
3102 silly ADD node_modules/once
3103 silly ADD node_modules/end-of-stream
3104 silly ADD node_modules/source-map
3105 silly ADD node_modules/esutils
3106 silly ADD node_modules/estraverse
3107 silly ADD node_modules/esprima
3108 silly ADD node_modules/escodegen
3109 silly ADD node_modules/ast-types
3110 silly ADD node_modules/netmask
3111 silly ADD node_modules/degenerator
3112 silly ADD node_modules/data-uri-to-buffer
3113 silly ADD node_modules/basic-ftp
3114 silly ADD node_modules/pac-resolver
3115 silly ADD node_modules/get-uri
3116 silly ADD node_modules/@tootallnate/quickjs-emscripten
3117 silly ADD node_modules/socks-proxy-agent
3118 silly ADD node_modules/proxy-from-env
3119 silly ADD node_modules/pac-proxy-agent
3120 silly ADD node_modules/http-proxy-agent
3121 silly ADD node_modules/parse-ms
3122 silly ADD node_modules/tslib
3123 silly ADD node_modules/@tybys/wasm-util
3124 silly ADD node_modules/@napi-rs/wasm-runtime
3125 silly ADD node_modules/@oxc-transform/binding-darwin-x64
3126 silly ADD node_modules/mimic-fn
3127 silly ADD node_modules/abbrev
3128 silly ADD node_modules/whatwg-url
3129 silly ADD node_modules/@isaacs/balanced-match
3130 silly ADD node_modules/@isaacs/brace-expansion
3131 silly ADD node_modules/mime-db
3132 silly ADD node_modules/raw-body
3133 silly ADD node_modules/content-type
3134 silly ADD node_modules/arg
3135 silly ADD node_modules/ts-toolbelt
3136 silly ADD node_modules/@types/json-schema
3137 silly ADD node_modules/argparse
3138 silly ADD node_modules/agent-base
3139 silly ADD node_modules/path-scurry
3140 silly ADD node_modules/path-scurry/node_modules/lru-cache
3141 silly ADD node_modules/minipass
3142 silly ADD node_modules/pump
3143 silly ADD node_modules/dunder-proto
3144 silly ADD node_modules/math-intrinsics
3145 silly ADD node_modules/has-symbols
3146 silly ADD node_modules/gopd
3147 silly ADD node_modules/get-proto
3148 silly ADD node_modules/function-bind
3149 silly ADD node_modules/es-object-atoms
3150 silly ADD node_modules/es-define-property
3151 silly ADD node_modules/call-bind-apply-helpers
3152 silly ADD node_modules/universalify
3153 silly ADD node_modules/jsonfile
3154 silly ADD node_modules/has-tostringtag
3155 silly ADD node_modules/get-intrinsic
3156 silly ADD node_modules/es-errors
3157 silly ADD node_modules/delayed-stream
3158 silly ADD node_modules/hasown
3159 silly ADD node_modules/es-set-tostringtag
3160 silly ADD node_modules/combined-stream
3161 silly ADD node_modules/asynckit
3162 silly ADD node_modules/which
3163 silly ADD node_modules/shebang-command
3164 silly ADD node_modules/path-key
3165 silly ADD node_modules/strip-final-newline
3166 silly ADD node_modules/p-finally
3167 silly ADD node_modules/onetime
3168 silly ADD node_modules/npm-run-path
3169 silly ADD node_modules/merge-stream
3170 silly ADD node_modules/is-stream
3171 silly ADD node_modules/human-signals
3172 silly ADD node_modules/get-stream
3173 silly ADD node_modules/cross-spawn
3174 silly ADD node_modules/time-span
3175 silly ADD node_modules/signal-exit
3176 silly ADD node_modules/pretty-ms
3177 silly ADD node_modules/mri
3178 silly ADD node_modules/@edge-runtime/ponyfill
3179 silly ADD node_modules/@edge-runtime/format
3180 silly ADD node_modules/readdirp
3181 silly ADD node_modules/file-uri-to-path
3182 silly ADD node_modules/retry
3183 silly ADD node_modules/uri-js
3184 silly ADD node_modules/require-from-string
3185 silly ADD node_modules/json-schema-traverse
3186 silly ADD node_modules/fast-deep-equal
3187 silly ADD node_modules/json-schema-to-ts
3188 silly ADD node_modules/ajv
3189 silly ADD node_modules/@sinclair/typebox
3190 silly ADD node_modules/web-vitals
3191 silly ADD node_modules/@vercel/gatsby-plugin-vercel-builder
3192 silly ADD node_modules/@vercel/gatsby-plugin-vercel-builder/node_modules/@esbuild/darwin-x64
3193 silly ADD node_modules/@vercel/gatsby-plugin-vercel-builder/node_modules/esbuild
3194 silly ADD node_modules/@vercel/gatsby-plugin-vercel-analytics
3195 silly ADD node_modules/minimatch
3196 silly ADD node_modules/js-yaml
3197 silly ADD node_modules/@renovatebot/pep440
3198 silly ADD node_modules/@bytecodealliance/preview2-shim
3199 silly ADD node_modules/undici-types
3200 silly ADD node_modules/typescript
3201 silly ADD node_modules/path-to-regexp-updated
3202 silly ADD node_modules/mime-types
3203 silly ADD node_modules/etag
3204 silly ADD node_modules/edge-runtime
3205 silly ADD node_modules/edge-runtime/node_modules/picocolors
3206 silly ADD node_modules/edge-runtime/node_modules/async-listen
3207 silly ADD node_modules/@vercel/error-utils
3208 silly ADD node_modules/@types/node
3209 silly ADD node_modules/@edge-runtime/vm
3210 silly ADD node_modules/@edge-runtime/primitives
3211 silly ADD node_modules/@edge-runtime/node-utils
3212 silly ADD node_modules/nopt
3213 silly ADD node_modules/https-proxy-agent
3214 silly ADD node_modules/detect-libc
3215 silly ADD node_modules/consola
3216 silly ADD node_modules/resolve-from
3217 silly ADD node_modules/picomatch
3218 silly ADD node_modules/node-gyp-build
3219 silly ADD node_modules/graceful-fs
3220 silly ADD node_modules/glob
3221 silly ADD node_modules/glob/node_modules/balanced-match
3222 silly ADD node_modules/glob/node_modules/brace-expansion
3223 silly ADD node_modules/glob/node_modules/minimatch
3224 silly ADD node_modules/estree-walker
3225 silly ADD node_modules/bindings
3226 silly ADD node_modules/async-sema
3227 silly ADD node_modules/acorn-import-attributes
3228 silly ADD node_modules/acorn
3229 silly ADD node_modules/@rollup/pluginutils
3230 silly ADD node_modules/@mapbox/node-pre-gyp
3231 silly ADD node_modules/@mapbox/node-pre-gyp/node_modules/semver
3232 silly ADD node_modules/yauzl-promise
3233 silly ADD node_modules/uid-promise
3234 silly ADD node_modules/tree-kill
3235 silly ADD node_modules/tinyexec
3236 silly ADD node_modules/tar
3237 silly ADD node_modules/tar/node_modules/yallist
3238 silly ADD node_modules/stream-to-promise
3239 silly ADD node_modules/stream-to-promise/node_modules/once
3240 silly ADD node_modules/stream-to-promise/node_modules/end-of-stream
3241 silly ADD node_modules/stat-mode
3242 silly ADD node_modules/promisepipe
3243 silly ADD node_modules/node-fetch
3244 silly ADD node_modules/micro
3245 silly ADD node_modules/generic-pool
3246 silly ADD node_modules/async-listen
3247 silly ADD node_modules/@tootallnate/once
3248 silly ADD node_modules/ts-morph
3249 silly ADD node_modules/@vercel/cervel
3250 silly ADD node_modules/@vercel/static-config
3251 silly ADD node_modules/xdg-app-paths
3252 silly ADD node_modules/es-module-lexer
3253 silly ADD node_modules/cjs-module-lexer
3254 silly ADD node_modules/@vercel/python-analysis
3255 silly ADD node_modules/@vercel/python-analysis/node_modules/zod
3256 silly ADD node_modules/@vercel/python-analysis/node_modules/fs-extra
3257 silly ADD node_modules/undici
3258 silly ADD node_modules/throttleit
3259 silly ADD node_modules/is-node-process
3260 silly ADD node_modules/is-buffer
3261 silly ADD node_modules/async-retry
3262 silly ADD node_modules/tsx
3263 silly ADD node_modules/tsx/node_modules/@esbuild/darwin-x64
3264 silly ADD node_modules/tsx/node_modules/esbuild
3265 silly ADD node_modules/srvx
3266 silly ADD node_modules/rolldown
3267 silly ADD node_modules/rolldown/node_modules/@rolldown/pluginutils
3268 silly ADD node_modules/resolve.exports
3269 silly ADD node_modules/path-to-regexp
3270 silly ADD node_modules/oxc-transform
3271 silly ADD node_modules/fs-extra
3272 silly ADD node_modules/execa
3273 silly ADD node_modules/execa/node_modules/signal-exit
3274 silly ADD node_modules/@vercel/nft
3275 silly ADD node_modules/zod
3276 silly ADD node_modules/smol-toml
3277 silly ADD node_modules/sandbox
3278 silly ADD node_modules/proxy-agent
3279 silly ADD node_modules/proxy-agent/node_modules/lru-cache
3280 silly ADD node_modules/luxon
3281 silly ADD node_modules/jose
3282 silly ADD node_modules/form-data
3283 silly ADD node_modules/chokidar
3284 silly ADD node_modules/@vercel/static-build
3285 silly ADD node_modules/@vercel/rust
3286 silly ADD node_modules/@vercel/rust/node_modules/signal-exit
3287 silly ADD node_modules/@vercel/rust/node_modules/human-signals
3288 silly ADD node_modules/@vercel/rust/node_modules/get-stream
3289 silly ADD node_modules/@vercel/rust/node_modules/execa
3290 silly ADD node_modules/@vercel/ruby
3291 silly ADD node_modules/@vercel/remix-builder
3292 silly ADD node_modules/@vercel/remix-builder/node_modules/path-to-regexp
3293 silly ADD node_modules/@vercel/redwood
3294 silly ADD node_modules/@vercel/python
3295 silly ADD node_modules/@vercel/prepare-flags-definitions
3296 silly ADD node_modules/@vercel/node
3297 silly ADD node_modules/@vercel/node/node_modules/@esbuild/darwin-x64
3298 silly ADD node_modules/@vercel/node/node_modules/undici
3299 silly ADD node_modules/@vercel/node/node_modules/path-to-regexp
3300 silly ADD node_modules/@vercel/node/node_modules/node-fetch
3301 silly ADD node_modules/@vercel/node/node_modules/esbuild
3302 silly ADD node_modules/@vercel/node/node_modules/es-module-lexer
3303 silly ADD node_modules/@vercel/node/node_modules/async-listen
3304 silly ADD node_modules/@vercel/next
3305 silly ADD node_modules/@vercel/nestjs
3306 silly ADD node_modules/@vercel/koa
3307 silly ADD node_modules/@vercel/hydrogen
3308 silly ADD node_modules/@vercel/hono
3309 silly ADD node_modules/@vercel/hono/node_modules/zod
3310 silly ADD node_modules/@vercel/h3
3311 silly ADD node_modules/@vercel/go
3312 silly ADD node_modules/@vercel/fun
3313 silly ADD node_modules/@vercel/fun/node_modules/yallist
3314 silly ADD node_modules/@vercel/fun/node_modules/lru-cache
3315 silly ADD node_modules/@vercel/fun/node_modules/xdg-app-paths
3316 silly ADD node_modules/@vercel/fun/node_modules/semver
3317 silly ADD node_modules/@vercel/fun/node_modules/path-to-regexp
3318 silly ADD node_modules/@vercel/fun/node_modules/ms
3319 silly ADD node_modules/@vercel/fun/node_modules/debug
3320 silly ADD node_modules/@vercel/fun/node_modules/debug/node_modules/ms
3321 silly ADD node_modules/@vercel/fastify
3322 silly ADD node_modules/@vercel/express
3323 silly ADD node_modules/@vercel/express/node_modules/zod
3324 silly ADD node_modules/@vercel/elysia
3325 silly ADD node_modules/@vercel/detect-agent
3326 silly ADD node_modules/@vercel/cli-config
3327 silly ADD node_modules/@vercel/build-utils
3328 silly ADD node_modules/@vercel/blob
3329 silly ADD node_modules/@vercel/backends
3330 silly ADD node_modules/@vercel/backends/node_modules/zod
3331 silly ADD node_modules/vercel
3332 silly ADD node_modules/vercel/node_modules/@esbuild/darwin-x64
3333 silly ADD node_modules/vercel/node_modules/esbuild
3334 silly ADD node_modules/fsevents
3335 verbose cwd /Users/chrispatino/Documents/Intro to AI/timeless
3336 verbose os Darwin 21.6.0
3337 verbose node v24.13.0
3338 verbose npm  v11.6.2
3339 verbose exit 0
3340 info ok
